[{"model": "admin.logentry", "pk": 1, "fields": {"action_time": "2022-01-03T19:25:33.259Z", "user": 1, "content_type": 7, "object_id": "1", "object_repr": "yashsuthar013@gmail.com", "action_flag": 2, "change_message": "[{\"changed\": {\"fields\": [\"Phone number\", \"Is superadmin\"]}}]"}}, {"model": "admin.logentry", "pk": 2, "fields": {"action_time": "2022-01-03T19:48:57.744Z", "user": 1, "content_type": 6, "object_id": "1", "object_repr": "Shirts", "action_flag": 1, "change_message": "[{\"added\": {}}]"}}, {"model": "admin.logentry", "pk": 3, "fields": {"action_time": "2022-01-03T19:56:26.081Z", "user": 1, "content_type": 6, "object_id": "2", "object_repr": "T Shirt", "action_flag": 1, "change_message": "[{\"added\": {}}]"}}, {"model": "admin.logentry", "pk": 4, "fields": {"action_time": "2022-01-03T19:56:54.141Z", "user": 1, "content_type": 6, "object_id": "3", "object_repr": "Shoes", "action_flag": 1, "change_message": "[{\"added\": {}}]"}}, {"model": "admin.logentry", "pk": 5, "fields": {"action_time": "2022-01-03T19:57:18.475Z", "user": 1, "content_type": 6, "object_id": "4", "object_repr": "Jacket", "action_flag": 1, "change_message": "[{\"added\": {}}]"}}, {"model": "admin.logentry", "pk": 6, "fields": {"action_time": "2022-01-03T19:57:46.892Z", "user": 1, "content_type": 6, "object_id": "5", "object_repr": "Jeans", "action_flag": 1, "change_message": "[{\"added\": {}}]"}}, {"model": "admin.logentry", "pk": 7, "fields": {"action_time": "2022-01-03T19:58:02.691Z", "user": 1, "content_type": 6, "object_id": "4", "object_repr": "Jackets", "action_flag": 2, "change_message": "[{\"changed\": {\"fields\": [\"Category name\"]}}]"}}, {"model": "admin.logentry", "pk": 8, "fields": {"action_time": "2022-01-03T19:58:19.561Z", "user": 1, "content_type": 6, "object_id": "4", "object_repr": "Jackets", "action_flag": 2, "change_message": "[{\"changed\": {\"fields\": [\"Slug\"]}}]"}}, {"model": "admin.logentry", "pk": 9, "fields": {"action_time": "2022-01-03T23:30:06.992Z", "user": 1, "content_type": 8, "object_id": "1", "object_repr": "ATX-Jeans", "action_flag": 1, "change_message": "[{\"added\": {}}]"}}, {"model": "admin.logentry", "pk": 10, "fields": {"action_time": "2022-01-03T23:31:32.245Z", "user": 1, "content_type": 8, "object_id": "2", "object_repr": "Blue Shirt", "action_flag": 1, "change_message": "[{\"added\": {}}]"}}, {"model": "admin.logentry", "pk": 11, "fields": {"action_time": "2022-01-03T23:33:37.591Z", "user": 1, "content_type": 8, "object_id": "3", "object_repr": "Great Tshirt", "action_flag": 1, "change_message": "[{\"added\": {}}]"}}, {"model": "admin.logentry", "pk": 12, "fields": {"action_time": "2022-01-03T23:34:48.147Z", "user": 1, "content_type": 8, "object_id": "4", "object_repr": "Jorden Basketball Shoes", "action_flag": 1, "change_message": "[{\"added\": {}}]"}}, {"model": "admin.logentry", "pk": 13, "fields": {"action_time": "2022-01-03T23:35:34.931Z", "user": 1, "content_type": 8, "object_id": "5", "object_repr": "Mavi Jeans", "action_flag": 1, "change_message": "[{\"added\": {}}]"}}, {"model": "admin.logentry", "pk": 14, "fields": {"action_time": "2022-01-03T23:36:15.322Z", "user": 1, "content_type": 8, "object_id": "6", "object_repr": "Puma Ferrari Shoes", "action_flag": 1, "change_message": "[{\"added\": {}}]"}}, {"model": "admin.logentry", "pk": 15, "fields": {"action_time": "2022-01-03T23:37:22.943Z", "user": 1, "content_type": 8, "object_id": "7", "object_repr": "US Polo Assn Jacket", "action_flag": 1, "change_message": "[{\"added\": {}}]"}}, {"model": "admin.logentry", "pk": 16, "fields": {"action_time": "2022-01-03T23:37:59.499Z", "user": 1, "content_type": 8, "object_id": "8", "object_repr": "Wrangler Shirt", "action_flag": 1, "change_message": "[{\"added\": {}}]"}}, {"model": "admin.logentry", "pk": 17, "fields": {"action_time": "2022-01-18T18:12:09.026Z", "user": 1, "content_type": 8, "object_id": "3", "object_repr": "Great Tshirt", "action_flag": 2, "change_message": "[{\"changed\": {\"fields\": [\"Stock\"]}}]"}}, {"model": "admin.logentry", "pk": 18, "fields": {"action_time": "2022-01-18T18:12:25.672Z", "user": 1, "content_type": 8, "object_id": "3", "object_repr": "Great Tshirt", "action_flag": 2, "change_message": "[{\"changed\": {\"fields\": [\"Stock\"]}}]"}}, {"model": "admin.logentry", "pk": 19, "fields": {"action_time": "2022-01-18T18:13:27.251Z", "user": 1, "content_type": 8, "object_id": "3", "object_repr": "Great Tshirt", "action_flag": 2, "change_message": "[{\"changed\": {\"fields\": [\"Stock\"]}}]"}}, {"model": "admin.logentry", "pk": 20, "fields": {"action_time": "2022-01-18T18:13:44.435Z", "user": 1, "content_type": 8, "object_id": "3", "object_repr": "Great Tshirt", "action_flag": 2, "change_message": "[{\"changed\": {\"fields\": [\"Stock\"]}}]"}}, {"model": "admin.logentry", "pk": 21, "fields": {"action_time": "2022-01-20T12:55:59.428Z", "user": 1, "content_type": 11, "object_id": "1", "object_repr": "Variation object (1)", "action_flag": 1, "change_message": "[{\"added\": {}}]"}}, {"model": "admin.logentry", "pk": 22, "fields": {"action_time": "2022-01-20T12:56:31.435Z", "user": 1, "content_type": 11, "object_id": "2", "object_repr": "Variation object (2)", "action_flag": 1, "change_message": "[{\"added\": {}}]"}}, {"model": "admin.logentry", "pk": 23, "fields": {"action_time": "2022-01-20T12:56:53.101Z", "user": 1, "content_type": 11, "object_id": "3", "object_repr": "Variation object (3)", "action_flag": 1, "change_message": "[{\"added\": {}}]"}}, {"model": "admin.logentry", "pk": 24, "fields": {"action_time": "2022-01-20T13:01:19.673Z", "user": 1, "content_type": 11, "object_id": "3", "object_repr": "Variation object (3)", "action_flag": 2, "change_message": "[{\"changed\": {\"fields\": [\"Is active\"]}}]"}}, {"model": "admin.logentry", "pk": 25, "fields": {"action_time": "2022-01-20T13:01:23.388Z", "user": 1, "content_type": 11, "object_id": "3", "object_repr": "Variation object (3)", "action_flag": 2, "change_message": "[{\"changed\": {\"fields\": [\"Is active\"]}}]"}}, {"model": "admin.logentry", "pk": 26, "fields": {"action_time": "2022-01-20T13:31:13.184Z", "user": 1, "content_type": 11, "object_id": "4", "object_repr": "Variation object (4)", "action_flag": 1, "change_message": "[{\"added\": {}}]"}}, {"model": "admin.logentry", "pk": 27, "fields": {"action_time": "2022-01-20T13:32:57.456Z", "user": 1, "content_type": 11, "object_id": "5", "object_repr": "Variation object (5)", "action_flag": 1, "change_message": "[{\"added\": {}}]"}}, {"model": "admin.logentry", "pk": 28, "fields": {"action_time": "2022-01-20T13:33:11.704Z", "user": 1, "content_type": 11, "object_id": "6", "object_repr": "Variation object (6)", "action_flag": 1, "change_message": "[{\"added\": {}}]"}}, {"model": "admin.logentry", "pk": 29, "fields": {"action_time": "2022-01-21T15:35:25.815Z", "user": 1, "content_type": 7, "object_id": "5", "object_repr": "yashsuthar3333@gmail.com", "action_flag": 2, "change_message": "[{\"changed\": {\"fields\": [\"Is active\"]}}]"}}, {"model": "admin.logentry", "pk": 30, "fields": {"action_time": "2022-01-21T15:47:41.589Z", "user": 1, "content_type": 7, "object_id": "5", "object_repr": "yashsuthar3333@gmail.com", "action_flag": 2, "change_message": "[{\"changed\": {\"fields\": [\"Is active\"]}}]"}}, {"model": "admin.logentry", "pk": 31, "fields": {"action_time": "2022-01-22T16:17:09.491Z", "user": 1, "content_type": 7, "object_id": "9", "object_repr": "yash139200219@gmail.com", "action_flag": 3, "change_message": ""}}, {"model": "admin.logentry", "pk": 32, "fields": {"action_time": "2022-01-22T16:20:32.066Z", "user": 1, "content_type": 7, "object_id": "10", "object_repr": "yash139200219@gmail.com", "action_flag": 3, "change_message": ""}}, {"model": "admin.logentry", "pk": 33, "fields": {"action_time": "2022-01-22T17:28:57.434Z", "user": 1, "content_type": 7, "object_id": "11", "object_repr": "yash139200219@gmail.com", "action_flag": 3, "change_message": ""}}, {"model": "admin.logentry", "pk": 34, "fields": {"action_time": "2022-01-23T11:55:11.148Z", "user": 1, "content_type": 10, "object_id": "25", "object_repr": "CartItem object (25)", "action_flag": 1, "change_message": "[{\"added\": {}}]"}}, {"model": "admin.logentry", "pk": 35, "fields": {"action_time": "2022-01-23T11:55:42.273Z", "user": 1, "content_type": 10, "object_id": "26", "object_repr": "CartItem object (26)", "action_flag": 1, "change_message": "[{\"added\": {}}]"}}, {"model": "admin.logentry", "pk": 36, "fields": {"action_time": "2022-01-23T11:56:48.796Z", "user": 1, "content_type": 11, "object_id": "7", "object_repr": "Blue", "action_flag": 1, "change_message": "[{\"added\": {}}]"}}, {"model": "admin.logentry", "pk": 37, "fields": {"action_time": "2022-01-23T11:57:01.925Z", "user": 1, "content_type": 11, "object_id": "8", "object_repr": "small", "action_flag": 1, "change_message": "[{\"added\": {}}]"}}, {"model": "admin.logentry", "pk": 38, "fields": {"action_time": "2022-01-23T11:57:09.122Z", "user": 1, "content_type": 11, "object_id": "9", "object_repr": "medium", "action_flag": 1, "change_message": "[{\"added\": {}}]"}}, {"model": "admin.logentry", "pk": 39, "fields": {"action_time": "2022-01-23T11:57:17.327Z", "user": 1, "content_type": 11, "object_id": "10", "object_repr": "large", "action_flag": 1, "change_message": "[{\"added\": {}}]"}}, {"model": "admin.logentry", "pk": 40, "fields": {"action_time": "2022-01-23T12:26:04.972Z", "user": 1, "content_type": 10, "object_id": "30", "object_repr": "CartItem object (30)", "action_flag": 3, "change_message": ""}}, {"model": "admin.logentry", "pk": 41, "fields": {"action_time": "2022-01-23T12:26:04.988Z", "user": 1, "content_type": 10, "object_id": "29", "object_repr": "CartItem object (29)", "action_flag": 3, "change_message": ""}}, {"model": "admin.logentry", "pk": 42, "fields": {"action_time": "2022-01-23T12:26:05.004Z", "user": 1, "content_type": 10, "object_id": "28", "object_repr": "CartItem object (28)", "action_flag": 3, "change_message": ""}}, {"model": "admin.logentry", "pk": 43, "fields": {"action_time": "2022-01-23T12:26:05.012Z", "user": 1, "content_type": 10, "object_id": "27", "object_repr": "CartItem object (27)", "action_flag": 3, "change_message": ""}}, {"model": "admin.logentry", "pk": 44, "fields": {"action_time": "2022-01-23T12:26:05.020Z", "user": 1, "content_type": 10, "object_id": "24", "object_repr": "CartItem object (24)", "action_flag": 3, "change_message": ""}}, {"model": "admin.logentry", "pk": 45, "fields": {"action_time": "2022-01-23T12:26:05.028Z", "user": 1, "content_type": 10, "object_id": "23", "object_repr": "CartItem object (23)", "action_flag": 3, "change_message": ""}}, {"model": "admin.logentry", "pk": 46, "fields": {"action_time": "2022-01-23T12:30:13.823Z", "user": 1, "content_type": 10, "object_id": "32", "object_repr": "CartItem object (32)", "action_flag": 3, "change_message": ""}}, {"model": "admin.logentry", "pk": 47, "fields": {"action_time": "2022-01-23T12:30:13.843Z", "user": 1, "content_type": 10, "object_id": "31", "object_repr": "CartItem object (31)", "action_flag": 3, "change_message": ""}}, {"model": "admin.logentry", "pk": 48, "fields": {"action_time": "2022-01-23T12:38:11.088Z", "user": 1, "content_type": 10, "object_id": "33", "object_repr": "CartItem object (33)", "action_flag": 3, "change_message": ""}}, {"model": "admin.logentry", "pk": 49, "fields": {"action_time": "2022-01-23T12:51:41.235Z", "user": 1, "content_type": 7, "object_id": "12", "object_repr": "yash139200219@gmail.com", "action_flag": 2, "change_message": "[{\"changed\": {\"fields\": [\"First name\"]}}]"}}, {"model": "admin.logentry", "pk": 50, "fields": {"action_time": "2022-01-23T12:52:59.597Z", "user": 1, "content_type": 10, "object_id": "35", "object_repr": "CartItem object (35)", "action_flag": 3, "change_message": ""}}, {"model": "admin.logentry", "pk": 51, "fields": {"action_time": "2022-01-23T12:52:59.613Z", "user": 1, "content_type": 10, "object_id": "34", "object_repr": "CartItem object (34)", "action_flag": 3, "change_message": ""}}, {"model": "admin.logentry", "pk": 52, "fields": {"action_time": "2022-01-23T12:56:11.312Z", "user": 1, "content_type": 10, "object_id": "36", "object_repr": "CartItem object (36)", "action_flag": 3, "change_message": ""}}, {"model": "admin.logentry", "pk": 53, "fields": {"action_time": "2022-01-23T12:56:19.922Z", "user": 1, "content_type": 10, "object_id": "37", "object_repr": "CartItem object (37)", "action_flag": 3, "change_message": ""}}, {"model": "admin.logentry", "pk": 54, "fields": {"action_time": "2022-01-23T13:13:54.565Z", "user": 1, "content_type": 10, "object_id": "42", "object_repr": "CartItem object (42)", "action_flag": 3, "change_message": ""}}, {"model": "admin.logentry", "pk": 55, "fields": {"action_time": "2022-01-23T13:13:54.574Z", "user": 1, "content_type": 10, "object_id": "41", "object_repr": "CartItem object (41)", "action_flag": 3, "change_message": ""}}, {"model": "admin.logentry", "pk": 56, "fields": {"action_time": "2022-01-23T13:13:54.578Z", "user": 1, "content_type": 10, "object_id": "40", "object_repr": "CartItem object (40)", "action_flag": 3, "change_message": ""}}, {"model": "admin.logentry", "pk": 57, "fields": {"action_time": "2022-01-23T13:13:54.582Z", "user": 1, "content_type": 10, "object_id": "39", "object_repr": "CartItem object (39)", "action_flag": 3, "change_message": ""}}, {"model": "admin.logentry", "pk": 58, "fields": {"action_time": "2022-01-23T13:13:54.586Z", "user": 1, "content_type": 10, "object_id": "38", "object_repr": "CartItem object (38)", "action_flag": 3, "change_message": ""}}, {"model": "admin.logentry", "pk": 59, "fields": {"action_time": "2022-01-23T13:20:59.302Z", "user": 1, "content_type": 10, "object_id": "43", "object_repr": "CartItem object (43)", "action_flag": 3, "change_message": ""}}, {"model": "admin.logentry", "pk": 60, "fields": {"action_time": "2022-01-23T13:36:38.106Z", "user": 1, "content_type": 10, "object_id": "45", "object_repr": "CartItem object (45)", "action_flag": 3, "change_message": ""}}, {"model": "admin.logentry", "pk": 61, "fields": {"action_time": "2022-01-23T13:36:38.124Z", "user": 1, "content_type": 10, "object_id": "44", "object_repr": "CartItem object (44)", "action_flag": 3, "change_message": ""}}, {"model": "admin.logentry", "pk": 62, "fields": {"action_time": "2022-01-23T13:44:13.927Z", "user": 1, "content_type": 10, "object_id": "46", "object_repr": "CartItem object (46)", "action_flag": 3, "change_message": ""}}, {"model": "admin.logentry", "pk": 63, "fields": {"action_time": "2022-01-23T13:58:09.176Z", "user": 1, "content_type": 10, "object_id": "47", "object_repr": "CartItem object (47)", "action_flag": 3, "change_message": ""}}, {"model": "admin.logentry", "pk": 64, "fields": {"action_time": "2022-01-23T13:58:16.934Z", "user": 1, "content_type": 9, "object_id": "22", "object_repr": "e7ayfmj34u2jwlqlghqos70p7i6x17s5", "action_flag": 3, "change_message": ""}}, {"model": "admin.logentry", "pk": 65, "fields": {"action_time": "2022-01-23T13:58:16.945Z", "user": 1, "content_type": 9, "object_id": "21", "object_repr": "wkn6i3m6u4yv9b7tuvs7gl5xkdr2rjfg", "action_flag": 3, "change_message": ""}}, {"model": "admin.logentry", "pk": 66, "fields": {"action_time": "2022-01-23T13:58:16.954Z", "user": 1, "content_type": 9, "object_id": "20", "object_repr": "2qi4apl5cm4hyfgm0njr4ae1gdqngv4w", "action_flag": 3, "change_message": ""}}, {"model": "admin.logentry", "pk": 67, "fields": {"action_time": "2022-01-23T13:58:16.964Z", "user": 1, "content_type": 9, "object_id": "19", "object_repr": "peepc148jjmqskel4xkf5gfjtr3si2vd", "action_flag": 3, "change_message": ""}}, {"model": "admin.logentry", "pk": 68, "fields": {"action_time": "2022-01-23T13:58:16.972Z", "user": 1, "content_type": 9, "object_id": "18", "object_repr": "du1gp95v640h30htew3wxod10h4o57mo", "action_flag": 3, "change_message": ""}}, {"model": "admin.logentry", "pk": 69, "fields": {"action_time": "2022-01-23T13:58:16.979Z", "user": 1, "content_type": 9, "object_id": "17", "object_repr": "mx9ykrlb35f60qbjweghk9kjo2j0lgfn", "action_flag": 3, "change_message": ""}}, {"model": "admin.logentry", "pk": 70, "fields": {"action_time": "2022-01-23T13:58:16.986Z", "user": 1, "content_type": 9, "object_id": "16", "object_repr": "22rpkaupis2toz3neajukyy5qn0c75hp", "action_flag": 3, "change_message": ""}}, {"model": "admin.logentry", "pk": 71, "fields": {"action_time": "2022-01-23T13:58:16.992Z", "user": 1, "content_type": 9, "object_id": "15", "object_repr": "6zt1gltnxx27a78s9m31debbvkm1cez0", "action_flag": 3, "change_message": ""}}, {"model": "admin.logentry", "pk": 72, "fields": {"action_time": "2022-01-23T13:58:16.998Z", "user": 1, "content_type": 9, "object_id": "14", "object_repr": "b5pm6ipoauhkpgj1s6av4f3zyfhpymvz", "action_flag": 3, "change_message": ""}}, {"model": "admin.logentry", "pk": 73, "fields": {"action_time": "2022-01-23T13:58:17.003Z", "user": 1, "content_type": 9, "object_id": "13", "object_repr": "evf1p0tluh3e7qg9xcmfpw3hx2mkhwtc", "action_flag": 3, "change_message": ""}}, {"model": "admin.logentry", "pk": 74, "fields": {"action_time": "2022-01-23T13:58:17.007Z", "user": 1, "content_type": 9, "object_id": "12", "object_repr": "xdnzp7cg7ejyl8u2227kceyfsqa97vxz", "action_flag": 3, "change_message": ""}}, {"model": "admin.logentry", "pk": 75, "fields": {"action_time": "2022-01-23T13:58:17.009Z", "user": 1, "content_type": 9, "object_id": "11", "object_repr": "2um6pso83s736vdkl0jhqv362teuckah", "action_flag": 3, "change_message": ""}}, {"model": "admin.logentry", "pk": 76, "fields": {"action_time": "2022-01-23T13:58:17.014Z", "user": 1, "content_type": 9, "object_id": "10", "object_repr": "q7i2v41yfvwb9nqr9504apu551bqw0dv", "action_flag": 3, "change_message": ""}}, {"model": "admin.logentry", "pk": 77, "fields": {"action_time": "2022-01-23T13:58:17.017Z", "user": 1, "content_type": 9, "object_id": "9", "object_repr": "nhq7pznyrz2okk00gk6r4rqzzmds8xq2", "action_flag": 3, "change_message": ""}}, {"model": "admin.logentry", "pk": 78, "fields": {"action_time": "2022-01-23T13:58:17.021Z", "user": 1, "content_type": 9, "object_id": "8", "object_repr": "58f4uu3vkjijk1c3rh19tskk6tynfn1d", "action_flag": 3, "change_message": ""}}, {"model": "admin.logentry", "pk": 79, "fields": {"action_time": "2022-01-23T13:58:17.025Z", "user": 1, "content_type": 9, "object_id": "7", "object_repr": "5bk99f6152fi8lp6m0ga8zkt9yphjtgu", "action_flag": 3, "change_message": ""}}, {"model": "admin.logentry", "pk": 80, "fields": {"action_time": "2022-01-23T13:58:17.029Z", "user": 1, "content_type": 9, "object_id": "6", "object_repr": "0x59n23cz9gdcamjaowy88aedzmai4wr", "action_flag": 3, "change_message": ""}}, {"model": "admin.logentry", "pk": 81, "fields": {"action_time": "2022-01-23T13:58:17.033Z", "user": 1, "content_type": 9, "object_id": "5", "object_repr": "uq9no6makj0knavjzwr9sbgs8thh94jv", "action_flag": 3, "change_message": ""}}, {"model": "admin.logentry", "pk": 82, "fields": {"action_time": "2022-01-23T13:58:17.037Z", "user": 1, "content_type": 9, "object_id": "4", "object_repr": "8g4uoxar166oait0aa4pa7jio101mli1", "action_flag": 3, "change_message": ""}}, {"model": "admin.logentry", "pk": 83, "fields": {"action_time": "2022-01-23T13:58:17.040Z", "user": 1, "content_type": 9, "object_id": "3", "object_repr": "i1akdqc72ejl8u8sbhb8clc602q054sm", "action_flag": 3, "change_message": ""}}, {"model": "admin.logentry", "pk": 84, "fields": {"action_time": "2022-01-23T13:58:17.044Z", "user": 1, "content_type": 9, "object_id": "2", "object_repr": "dw8t6q4mt9oj0x8s45kz3xq631tr6g4r", "action_flag": 3, "change_message": ""}}, {"model": "admin.logentry", "pk": 85, "fields": {"action_time": "2022-01-23T13:58:17.048Z", "user": 1, "content_type": 9, "object_id": "1", "object_repr": "vj6jyo2m6stg2ihru55mkkvhsthk70mo", "action_flag": 3, "change_message": ""}}, {"model": "admin.logentry", "pk": 86, "fields": {"action_time": "2022-01-24T17:16:14.466Z", "user": 1, "content_type": 13, "object_id": "2", "object_repr": "Yo", "action_flag": 3, "change_message": ""}}, {"model": "admin.logentry", "pk": 87, "fields": {"action_time": "2022-01-24T17:16:14.474Z", "user": 1, "content_type": 13, "object_id": "1", "object_repr": "admin", "action_flag": 3, "change_message": ""}}, {"model": "admin.logentry", "pk": 88, "fields": {"action_time": "2022-01-24T17:17:50.639Z", "user": 1, "content_type": 13, "object_id": "3", "object_repr": "yo", "action_flag": 3, "change_message": ""}}, {"model": "admin.logentry", "pk": 89, "fields": {"action_time": "2022-01-26T13:59:32.868Z", "user": 1, "content_type": 15, "object_id": "1", "object_repr": "TEST", "action_flag": 3, "change_message": ""}}, {"model": "admin.logentry", "pk": 90, "fields": {"action_time": "2022-01-26T14:06:07.643Z", "user": 1, "content_type": 15, "object_id": "2", "object_repr": "update", "action_flag": 3, "change_message": ""}}, {"model": "admin.logentry", "pk": 91, "fields": {"action_time": "2022-01-26T14:18:54.399Z", "user": 1, "content_type": 13, "object_id": "81", "object_repr": "yo", "action_flag": 3, "change_message": ""}}, {"model": "admin.logentry", "pk": 92, "fields": {"action_time": "2022-01-26T14:18:54.411Z", "user": 1, "content_type": 13, "object_id": "80", "object_repr": "yam", "action_flag": 3, "change_message": ""}}, {"model": "admin.logentry", "pk": 93, "fields": {"action_time": "2022-01-26T14:18:54.416Z", "user": 1, "content_type": 13, "object_id": "79", "object_repr": "yashasvi", "action_flag": 3, "change_message": ""}}, {"model": "admin.logentry", "pk": 94, "fields": {"action_time": "2022-01-26T14:18:54.421Z", "user": 1, "content_type": 13, "object_id": "78", "object_repr": "yo", "action_flag": 3, "change_message": ""}}, {"model": "admin.logentry", "pk": 95, "fields": {"action_time": "2022-01-26T14:18:54.425Z", "user": 1, "content_type": 13, "object_id": "77", "object_repr": "yashasvi", "action_flag": 3, "change_message": ""}}, {"model": "admin.logentry", "pk": 96, "fields": {"action_time": "2022-01-26T14:18:54.428Z", "user": 1, "content_type": 13, "object_id": "76", "object_repr": "yashasvi", "action_flag": 3, "change_message": ""}}, {"model": "admin.logentry", "pk": 97, "fields": {"action_time": "2022-01-26T14:18:54.431Z", "user": 1, "content_type": 13, "object_id": "75", "object_repr": "yashasvi", "action_flag": 3, "change_message": ""}}, {"model": "admin.logentry", "pk": 98, "fields": {"action_time": "2022-01-26T14:18:54.435Z", "user": 1, "content_type": 13, "object_id": "74", "object_repr": "yo", "action_flag": 3, "change_message": ""}}, {"model": "admin.logentry", "pk": 99, "fields": {"action_time": "2022-01-26T14:18:54.440Z", "user": 1, "content_type": 13, "object_id": "73", "object_repr": "yo", "action_flag": 3, "change_message": ""}}, {"model": "admin.logentry", "pk": 100, "fields": {"action_time": "2022-01-26T14:18:54.444Z", "user": 1, "content_type": 13, "object_id": "72", "object_repr": "yashasvi", "action_flag": 3, "change_message": ""}}, {"model": "admin.logentry", "pk": 101, "fields": {"action_time": "2022-01-26T14:18:54.448Z", "user": 1, "content_type": 13, "object_id": "71", "object_repr": "yashasvi", "action_flag": 3, "change_message": ""}}, {"model": "admin.logentry", "pk": 102, "fields": {"action_time": "2022-01-26T14:18:54.451Z", "user": 1, "content_type": 13, "object_id": "70", "object_repr": "yashasvi", "action_flag": 3, "change_message": ""}}, {"model": "admin.logentry", "pk": 103, "fields": {"action_time": "2022-01-26T14:18:54.455Z", "user": 1, "content_type": 13, "object_id": "69", "object_repr": "yashasvi", "action_flag": 3, "change_message": ""}}, {"model": "admin.logentry", "pk": 104, "fields": {"action_time": "2022-01-26T14:18:54.458Z", "user": 1, "content_type": 13, "object_id": "68", "object_repr": "yashasvi", "action_flag": 3, "change_message": ""}}, {"model": "admin.logentry", "pk": 105, "fields": {"action_time": "2022-01-26T14:18:54.462Z", "user": 1, "content_type": 13, "object_id": "67", "object_repr": "yashasvi", "action_flag": 3, "change_message": ""}}, {"model": "admin.logentry", "pk": 106, "fields": {"action_time": "2022-01-26T14:18:54.466Z", "user": 1, "content_type": 13, "object_id": "66", "object_repr": "yashasvi", "action_flag": 3, "change_message": ""}}, {"model": "admin.logentry", "pk": 107, "fields": {"action_time": "2022-01-26T14:18:54.469Z", "user": 1, "content_type": 13, "object_id": "65", "object_repr": "yashasvi", "action_flag": 3, "change_message": ""}}, {"model": "admin.logentry", "pk": 108, "fields": {"action_time": "2022-01-26T14:18:54.473Z", "user": 1, "content_type": 13, "object_id": "64", "object_repr": "yashasvi", "action_flag": 3, "change_message": ""}}, {"model": "admin.logentry", "pk": 109, "fields": {"action_time": "2022-01-26T14:18:54.476Z", "user": 1, "content_type": 13, "object_id": "63", "object_repr": "yashasvi", "action_flag": 3, "change_message": ""}}, {"model": "admin.logentry", "pk": 110, "fields": {"action_time": "2022-01-26T14:18:54.480Z", "user": 1, "content_type": 13, "object_id": "62", "object_repr": "yam", "action_flag": 3, "change_message": ""}}, {"model": "admin.logentry", "pk": 111, "fields": {"action_time": "2022-01-26T14:19:04.823Z", "user": 1, "content_type": 13, "object_id": "61", "object_repr": "yo", "action_flag": 3, "change_message": ""}}, {"model": "admin.logentry", "pk": 112, "fields": {"action_time": "2022-01-26T14:19:04.831Z", "user": 1, "content_type": 13, "object_id": "60", "object_repr": "yo", "action_flag": 3, "change_message": ""}}, {"model": "admin.logentry", "pk": 113, "fields": {"action_time": "2022-01-26T14:19:04.836Z", "user": 1, "content_type": 13, "object_id": "59", "object_repr": "yo", "action_flag": 3, "change_message": ""}}, {"model": "admin.logentry", "pk": 114, "fields": {"action_time": "2022-01-26T14:19:04.841Z", "user": 1, "content_type": 13, "object_id": "58", "object_repr": "yashasvi", "action_flag": 3, "change_message": ""}}, {"model": "admin.logentry", "pk": 115, "fields": {"action_time": "2022-01-26T14:19:04.846Z", "user": 1, "content_type": 13, "object_id": "57", "object_repr": "yashasvi", "action_flag": 3, "change_message": ""}}, {"model": "admin.logentry", "pk": 116, "fields": {"action_time": "2022-01-26T14:19:04.850Z", "user": 1, "content_type": 13, "object_id": "56", "object_repr": "yo", "action_flag": 3, "change_message": ""}}, {"model": "admin.logentry", "pk": 117, "fields": {"action_time": "2022-01-26T14:19:04.854Z", "user": 1, "content_type": 13, "object_id": "55", "object_repr": "yo", "action_flag": 3, "change_message": ""}}, {"model": "admin.logentry", "pk": 118, "fields": {"action_time": "2022-01-26T14:19:04.860Z", "user": 1, "content_type": 13, "object_id": "54", "object_repr": "yo", "action_flag": 3, "change_message": ""}}, {"model": "admin.logentry", "pk": 119, "fields": {"action_time": "2022-01-26T14:19:04.864Z", "user": 1, "content_type": 13, "object_id": "53", "object_repr": "yam", "action_flag": 3, "change_message": ""}}, {"model": "admin.logentry", "pk": 120, "fields": {"action_time": "2022-01-26T14:19:04.869Z", "user": 1, "content_type": 13, "object_id": "52", "object_repr": "yam", "action_flag": 3, "change_message": ""}}, {"model": "admin.logentry", "pk": 121, "fields": {"action_time": "2022-01-26T14:19:04.874Z", "user": 1, "content_type": 13, "object_id": "51", "object_repr": "yam", "action_flag": 3, "change_message": ""}}, {"model": "admin.logentry", "pk": 122, "fields": {"action_time": "2022-01-26T14:19:04.878Z", "user": 1, "content_type": 13, "object_id": "50", "object_repr": "yam", "action_flag": 3, "change_message": ""}}, {"model": "admin.logentry", "pk": 123, "fields": {"action_time": "2022-01-26T14:19:04.882Z", "user": 1, "content_type": 13, "object_id": "49", "object_repr": "yashasvi", "action_flag": 3, "change_message": ""}}, {"model": "admin.logentry", "pk": 124, "fields": {"action_time": "2022-01-26T14:19:04.885Z", "user": 1, "content_type": 13, "object_id": "48", "object_repr": "yashasvi", "action_flag": 3, "change_message": ""}}, {"model": "admin.logentry", "pk": 125, "fields": {"action_time": "2022-01-26T14:19:04.890Z", "user": 1, "content_type": 13, "object_id": "47", "object_repr": "yashasvi", "action_flag": 3, "change_message": ""}}, {"model": "admin.logentry", "pk": 126, "fields": {"action_time": "2022-01-26T14:19:04.893Z", "user": 1, "content_type": 13, "object_id": "46", "object_repr": "yashasvi", "action_flag": 3, "change_message": ""}}, {"model": "admin.logentry", "pk": 127, "fields": {"action_time": "2022-01-26T14:19:04.897Z", "user": 1, "content_type": 13, "object_id": "45", "object_repr": "yo", "action_flag": 3, "change_message": ""}}, {"model": "admin.logentry", "pk": 128, "fields": {"action_time": "2022-01-26T14:19:04.900Z", "user": 1, "content_type": 13, "object_id": "44", "object_repr": "yo", "action_flag": 3, "change_message": ""}}, {"model": "admin.logentry", "pk": 129, "fields": {"action_time": "2022-01-26T14:19:04.904Z", "user": 1, "content_type": 13, "object_id": "43", "object_repr": "yo", "action_flag": 3, "change_message": ""}}, {"model": "admin.logentry", "pk": 130, "fields": {"action_time": "2022-01-26T14:19:04.907Z", "user": 1, "content_type": 13, "object_id": "42", "object_repr": "yo", "action_flag": 3, "change_message": ""}}, {"model": "admin.logentry", "pk": 131, "fields": {"action_time": "2022-01-26T14:19:15.051Z", "user": 1, "content_type": 13, "object_id": "41", "object_repr": "yo", "action_flag": 3, "change_message": ""}}, {"model": "admin.logentry", "pk": 132, "fields": {"action_time": "2022-01-26T14:19:15.063Z", "user": 1, "content_type": 13, "object_id": "40", "object_repr": "yo", "action_flag": 3, "change_message": ""}}, {"model": "admin.logentry", "pk": 133, "fields": {"action_time": "2022-01-26T14:19:15.073Z", "user": 1, "content_type": 13, "object_id": "39", "object_repr": "yo", "action_flag": 3, "change_message": ""}}, {"model": "admin.logentry", "pk": 134, "fields": {"action_time": "2022-01-26T14:19:15.077Z", "user": 1, "content_type": 13, "object_id": "38", "object_repr": "yo", "action_flag": 3, "change_message": ""}}, {"model": "admin.logentry", "pk": 135, "fields": {"action_time": "2022-01-26T14:19:15.081Z", "user": 1, "content_type": 13, "object_id": "37", "object_repr": "yo", "action_flag": 3, "change_message": ""}}, {"model": "admin.logentry", "pk": 136, "fields": {"action_time": "2022-01-26T14:19:15.085Z", "user": 1, "content_type": 13, "object_id": "36", "object_repr": "yo", "action_flag": 3, "change_message": ""}}, {"model": "admin.logentry", "pk": 137, "fields": {"action_time": "2022-01-26T14:19:15.089Z", "user": 1, "content_type": 13, "object_id": "35", "object_repr": "yo", "action_flag": 3, "change_message": ""}}, {"model": "admin.logentry", "pk": 138, "fields": {"action_time": "2022-01-26T14:19:15.093Z", "user": 1, "content_type": 13, "object_id": "34", "object_repr": "yo", "action_flag": 3, "change_message": ""}}, {"model": "admin.logentry", "pk": 139, "fields": {"action_time": "2022-01-26T14:19:15.097Z", "user": 1, "content_type": 13, "object_id": "33", "object_repr": "yo", "action_flag": 3, "change_message": ""}}, {"model": "admin.logentry", "pk": 140, "fields": {"action_time": "2022-01-26T14:19:15.101Z", "user": 1, "content_type": 13, "object_id": "32", "object_repr": "yo", "action_flag": 3, "change_message": ""}}, {"model": "admin.logentry", "pk": 141, "fields": {"action_time": "2022-01-26T14:19:15.105Z", "user": 1, "content_type": 13, "object_id": "31", "object_repr": "yo", "action_flag": 3, "change_message": ""}}, {"model": "admin.logentry", "pk": 142, "fields": {"action_time": "2022-01-26T14:19:15.109Z", "user": 1, "content_type": 13, "object_id": "30", "object_repr": "yo", "action_flag": 3, "change_message": ""}}, {"model": "admin.logentry", "pk": 143, "fields": {"action_time": "2022-01-26T14:19:15.114Z", "user": 1, "content_type": 13, "object_id": "29", "object_repr": "yo", "action_flag": 3, "change_message": ""}}, {"model": "admin.logentry", "pk": 144, "fields": {"action_time": "2022-01-26T14:19:15.118Z", "user": 1, "content_type": 13, "object_id": "28", "object_repr": "yo", "action_flag": 3, "change_message": ""}}, {"model": "admin.logentry", "pk": 145, "fields": {"action_time": "2022-01-26T14:19:15.121Z", "user": 1, "content_type": 13, "object_id": "27", "object_repr": "yo", "action_flag": 3, "change_message": ""}}, {"model": "admin.logentry", "pk": 146, "fields": {"action_time": "2022-01-26T14:19:15.125Z", "user": 1, "content_type": 13, "object_id": "26", "object_repr": "yo", "action_flag": 3, "change_message": ""}}, {"model": "admin.logentry", "pk": 147, "fields": {"action_time": "2022-01-26T14:19:15.128Z", "user": 1, "content_type": 13, "object_id": "25", "object_repr": "yo", "action_flag": 3, "change_message": ""}}, {"model": "admin.logentry", "pk": 148, "fields": {"action_time": "2022-01-26T14:19:15.132Z", "user": 1, "content_type": 13, "object_id": "24", "object_repr": "yo", "action_flag": 3, "change_message": ""}}, {"model": "admin.logentry", "pk": 149, "fields": {"action_time": "2022-01-26T14:19:15.136Z", "user": 1, "content_type": 13, "object_id": "23", "object_repr": "yo", "action_flag": 3, "change_message": ""}}, {"model": "admin.logentry", "pk": 150, "fields": {"action_time": "2022-01-26T14:19:15.140Z", "user": 1, "content_type": 13, "object_id": "22", "object_repr": "yo", "action_flag": 3, "change_message": ""}}, {"model": "admin.logentry", "pk": 151, "fields": {"action_time": "2022-01-26T14:19:22.307Z", "user": 1, "content_type": 13, "object_id": "21", "object_repr": "yo", "action_flag": 3, "change_message": ""}}, {"model": "admin.logentry", "pk": 152, "fields": {"action_time": "2022-01-26T14:19:22.317Z", "user": 1, "content_type": 13, "object_id": "20", "object_repr": "yo", "action_flag": 3, "change_message": ""}}, {"model": "admin.logentry", "pk": 153, "fields": {"action_time": "2022-01-26T14:19:22.324Z", "user": 1, "content_type": 13, "object_id": "19", "object_repr": "yo", "action_flag": 3, "change_message": ""}}, {"model": "admin.logentry", "pk": 154, "fields": {"action_time": "2022-01-26T14:19:22.330Z", "user": 1, "content_type": 13, "object_id": "18", "object_repr": "yo", "action_flag": 3, "change_message": ""}}, {"model": "admin.logentry", "pk": 155, "fields": {"action_time": "2022-01-26T14:19:22.335Z", "user": 1, "content_type": 13, "object_id": "17", "object_repr": "yo", "action_flag": 3, "change_message": ""}}, {"model": "admin.logentry", "pk": 156, "fields": {"action_time": "2022-01-26T14:19:22.341Z", "user": 1, "content_type": 13, "object_id": "16", "object_repr": "yo", "action_flag": 3, "change_message": ""}}, {"model": "admin.logentry", "pk": 157, "fields": {"action_time": "2022-01-26T14:19:22.348Z", "user": 1, "content_type": 13, "object_id": "15", "object_repr": "yo", "action_flag": 3, "change_message": ""}}, {"model": "admin.logentry", "pk": 158, "fields": {"action_time": "2022-01-26T14:19:22.353Z", "user": 1, "content_type": 13, "object_id": "14", "object_repr": "yo", "action_flag": 3, "change_message": ""}}, {"model": "admin.logentry", "pk": 159, "fields": {"action_time": "2022-01-26T14:19:22.356Z", "user": 1, "content_type": 13, "object_id": "13", "object_repr": "yo", "action_flag": 3, "change_message": ""}}, {"model": "admin.logentry", "pk": 160, "fields": {"action_time": "2022-01-26T14:19:22.360Z", "user": 1, "content_type": 13, "object_id": "12", "object_repr": "yo", "action_flag": 3, "change_message": ""}}, {"model": "admin.logentry", "pk": 161, "fields": {"action_time": "2022-01-26T14:19:22.364Z", "user": 1, "content_type": 13, "object_id": "11", "object_repr": "yo", "action_flag": 3, "change_message": ""}}, {"model": "admin.logentry", "pk": 162, "fields": {"action_time": "2022-01-26T14:19:22.367Z", "user": 1, "content_type": 13, "object_id": "10", "object_repr": "yo", "action_flag": 3, "change_message": ""}}, {"model": "admin.logentry", "pk": 163, "fields": {"action_time": "2022-01-26T14:19:22.371Z", "user": 1, "content_type": 13, "object_id": "9", "object_repr": "yo", "action_flag": 3, "change_message": ""}}, {"model": "admin.logentry", "pk": 164, "fields": {"action_time": "2022-01-26T14:19:22.374Z", "user": 1, "content_type": 13, "object_id": "8", "object_repr": "yo", "action_flag": 3, "change_message": ""}}, {"model": "admin.logentry", "pk": 165, "fields": {"action_time": "2022-01-26T14:19:22.377Z", "user": 1, "content_type": 13, "object_id": "7", "object_repr": "yo", "action_flag": 3, "change_message": ""}}, {"model": "admin.logentry", "pk": 166, "fields": {"action_time": "2022-01-26T14:19:22.381Z", "user": 1, "content_type": 13, "object_id": "6", "object_repr": "yo", "action_flag": 3, "change_message": ""}}, {"model": "admin.logentry", "pk": 167, "fields": {"action_time": "2022-01-26T14:19:22.385Z", "user": 1, "content_type": 13, "object_id": "5", "object_repr": "yo", "action_flag": 3, "change_message": ""}}, {"model": "admin.logentry", "pk": 168, "fields": {"action_time": "2022-01-26T14:19:22.389Z", "user": 1, "content_type": 13, "object_id": "4", "object_repr": "yo", "action_flag": 3, "change_message": ""}}, {"model": "admin.logentry", "pk": 169, "fields": {"action_time": "2022-01-26T14:23:27.325Z", "user": 1, "content_type": 13, "object_id": "83", "object_repr": "yo", "action_flag": 3, "change_message": ""}}, {"model": "admin.logentry", "pk": 170, "fields": {"action_time": "2022-01-26T14:23:27.343Z", "user": 1, "content_type": 13, "object_id": "82", "object_repr": "yo", "action_flag": 3, "change_message": ""}}, {"model": "admin.logentry", "pk": 171, "fields": {"action_time": "2022-01-26T14:44:23.954Z", "user": 1, "content_type": 15, "object_id": "3", "object_repr": "this is good product", "action_flag": 2, "change_message": "[{\"changed\": {\"fields\": [\"Review\"]}}]"}}, {"model": "admin.logentry", "pk": 172, "fields": {"action_time": "2022-01-26T15:00:04.955Z", "user": 1, "content_type": 15, "object_id": "3", "object_repr": "this is good product", "action_flag": 2, "change_message": "[{\"changed\": {\"fields\": [\"Rating\"]}}]"}}, {"model": "admin.logentry", "pk": 173, "fields": {"action_time": "2022-01-26T15:00:41.316Z", "user": 1, "content_type": 15, "object_id": "3", "object_repr": "this is good product", "action_flag": 2, "change_message": "[{\"changed\": {\"fields\": [\"Rating\"]}}]"}}, {"model": "admin.logentry", "pk": 174, "fields": {"action_time": "2022-01-26T16:38:34.949Z", "user": 1, "content_type": 15, "object_id": "3", "object_repr": "awesome product", "action_flag": 2, "change_message": "[{\"changed\": {\"fields\": [\"Rating\"]}}]"}}, {"model": "admin.logentry", "pk": 175, "fields": {"action_time": "2022-01-26T16:38:47.739Z", "user": 1, "content_type": 15, "object_id": "3", "object_repr": "awesome product", "action_flag": 2, "change_message": "[{\"changed\": {\"fields\": [\"Rating\"]}}]"}}, {"model": "admin.logentry", "pk": 176, "fields": {"action_time": "2022-01-27T13:53:04.482Z", "user": 1, "content_type": 16, "object_id": "1", "object_repr": "yo", "action_flag": 1, "change_message": "[{\"added\": {}}]"}}, {"model": "admin.logentry", "pk": 177, "fields": {"action_time": "2022-01-27T15:50:32.019Z", "user": 1, "content_type": 16, "object_id": "1", "object_repr": "yo", "action_flag": 2, "change_message": "[{\"changed\": {\"fields\": [\"Profile picture\"]}}]"}}, {"model": "admin.logentry", "pk": 178, "fields": {"action_time": "2022-01-27T18:33:11.367Z", "user": 1, "content_type": 8, "object_id": "1", "object_repr": "ATX-Jeans", "action_flag": 2, "change_message": "[{\"added\": {\"name\": \"productgallery\", \"object\": \"ATX-Jeans\"}}]"}}, {"model": "admin.logentry", "pk": 179, "fields": {"action_time": "2022-01-27T18:34:04.112Z", "user": 1, "content_type": 8, "object_id": "1", "object_repr": "ATX-Jeans", "action_flag": 3, "change_message": ""}}, {"model": "admin.logentry", "pk": 180, "fields": {"action_time": "2022-01-27T18:35:50.725Z", "user": 1, "content_type": 8, "object_id": "9", "object_repr": "ATX-Jeans", "action_flag": 1, "change_message": "[{\"added\": {}}, {\"added\": {\"name\": \"productgallery\", \"object\": \"ATX-Jeans\"}}]"}}, {"model": "admin.logentry", "pk": 181, "fields": {"action_time": "2022-01-27T18:35:58.917Z", "user": 1, "content_type": 8, "object_id": "9", "object_repr": "ATX-Jeans", "action_flag": 2, "change_message": "[{\"added\": {\"name\": \"productgallery\", \"object\": \"ATX-Jeans\"}}]"}}, {"model": "admin.logentry", "pk": 182, "fields": {"action_time": "2022-01-27T18:36:08.918Z", "user": 1, "content_type": 8, "object_id": "9", "object_repr": "ATX-Jeans", "action_flag": 2, "change_message": "[{\"added\": {\"name\": \"productgallery\", \"object\": \"ATX-Jeans\"}}]"}}, {"model": "admin.logentry", "pk": 183, "fields": {"action_time": "2022-01-27T18:36:34.285Z", "user": 1, "content_type": 11, "object_id": "11", "object_repr": "Blue", "action_flag": 1, "change_message": "[{\"added\": {}}]"}}, {"model": "admin.logentry", "pk": 184, "fields": {"action_time": "2022-01-27T18:36:50.784Z", "user": 1, "content_type": 11, "object_id": "12", "object_repr": "Black", "action_flag": 1, "change_message": "[{\"added\": {}}]"}}, {"model": "admin.logentry", "pk": 185, "fields": {"action_time": "2022-01-27T18:36:58.744Z", "user": 1, "content_type": 11, "object_id": "13", "object_repr": "small", "action_flag": 1, "change_message": "[{\"added\": {}}]"}}, {"model": "admin.logentry", "pk": 186, "fields": {"action_time": "2022-01-27T18:37:07.661Z", "user": 1, "content_type": 11, "object_id": "14", "object_repr": "medium", "action_flag": 1, "change_message": "[{\"added\": {}}]"}}, {"model": "admin.logentry", "pk": 187, "fields": {"action_time": "2022-01-27T18:37:16.734Z", "user": 1, "content_type": 11, "object_id": "15", "object_repr": "large", "action_flag": 1, "change_message": "[{\"added\": {}}]"}}, {"model": "admin.logentry", "pk": 188, "fields": {"action_time": "2022-01-28T10:46:53.800Z", "user": 1, "content_type": 11, "object_id": "16", "object_repr": "Blue", "action_flag": 1, "change_message": "[{\"added\": {}}]"}}, {"model": "admin.logentry", "pk": 189, "fields": {"action_time": "2022-01-28T10:47:06.571Z", "user": 1, "content_type": 11, "object_id": "17", "object_repr": "medium", "action_flag": 1, "change_message": "[{\"added\": {}}]"}}, {"model": "admin.logentry", "pk": 190, "fields": {"action_time": "2022-01-28T10:47:17.224Z", "user": 1, "content_type": 11, "object_id": "18", "object_repr": "small", "action_flag": 1, "change_message": "[{\"added\": {}}]"}}, {"model": "admin.logentry", "pk": 191, "fields": {"action_time": "2022-01-28T10:47:47.360Z", "user": 1, "content_type": 11, "object_id": "19", "object_repr": "Black", "action_flag": 1, "change_message": "[{\"added\": {}}]"}}, {"model": "admin.logentry", "pk": 192, "fields": {"action_time": "2022-01-28T10:47:56.719Z", "user": 1, "content_type": 11, "object_id": "20", "object_repr": "large", "action_flag": 1, "change_message": "[{\"added\": {}}]"}}, {"model": "admin.logentry", "pk": 193, "fields": {"action_time": "2022-01-28T10:48:11.939Z", "user": 1, "content_type": 11, "object_id": "21", "object_repr": "Blue", "action_flag": 1, "change_message": "[{\"added\": {}}]"}}, {"model": "admin.logentry", "pk": 194, "fields": {"action_time": "2022-01-28T10:48:23.018Z", "user": 1, "content_type": 11, "object_id": "22", "object_repr": "large", "action_flag": 1, "change_message": "[{\"added\": {}}]"}}, {"model": "admin.logentry", "pk": 195, "fields": {"action_time": "2022-01-28T10:48:32.179Z", "user": 1, "content_type": 11, "object_id": "23", "object_repr": "medium", "action_flag": 1, "change_message": "[{\"added\": {}}]"}}, {"model": "admin.logentry", "pk": 196, "fields": {"action_time": "2022-01-28T10:52:31.533Z", "user": 1, "content_type": 11, "object_id": "24", "object_repr": "Black", "action_flag": 1, "change_message": "[{\"added\": {}}]"}}, {"model": "admin.logentry", "pk": 197, "fields": {"action_time": "2022-01-28T10:52:47.046Z", "user": 1, "content_type": 11, "object_id": "25", "object_repr": "medium", "action_flag": 1, "change_message": "[{\"added\": {}}]"}}, {"model": "admin.logentry", "pk": 198, "fields": {"action_time": "2022-01-28T10:53:12.670Z", "user": 1, "content_type": 11, "object_id": "26", "object_repr": "Brown", "action_flag": 1, "change_message": "[{\"added\": {}}]"}}, {"model": "admin.logentry", "pk": 199, "fields": {"action_time": "2022-01-28T10:53:20.646Z", "user": 1, "content_type": 11, "object_id": "27", "object_repr": "medium", "action_flag": 1, "change_message": "[{\"added\": {}}]"}}, {"model": "admin.logentry", "pk": 200, "fields": {"action_time": "2022-01-28T10:53:29.132Z", "user": 1, "content_type": 11, "object_id": "28", "object_repr": "Blue", "action_flag": 1, "change_message": "[{\"added\": {}}]"}}, {"model": "admin.logentry", "pk": 201, "fields": {"action_time": "2022-01-28T10:53:36.802Z", "user": 1, "content_type": 11, "object_id": "29", "object_repr": "small", "action_flag": 1, "change_message": "[{\"added\": {}}]"}}, {"model": "admin.logentry", "pk": 202, "fields": {"action_time": "2022-01-29T19:45:03.256Z", "user": 1, "content_type": 7, "object_id": "14", "object_repr": "meet193200013@gmail.com", "action_flag": 3, "change_message": ""}}, {"model": "sessions.session", "pk": "01m3j0grryzqscigvkv5ie3v7kv4hnpa", "fields": {"session_data": ".eJxVjEEOwiAQRe_C2hDLQCku3XsGMswMUjU0Ke3KeHfbpAvd_vfef6uI61Li2mSOI6uL6tTpd0tIT6k74AfW-6Rpqss8Jr0r-qBN3yaW1_Vw_w4KtrLVZ-gsOxnMICEjEhJQNg4ZOPhkEiVHPbC4TQBnxAOFXjx564MNkNXnCwPbOHU:1nCipU:HOcCbPSsKJ3waSwagJqBQ27w7CLuf5JnY_zXYvTzgcg", "expire_date": "2022-02-09T13:59:20.149Z"}}, {"model": "sessions.session", "pk": "08g3bl3d8dw5ngwe7135mmoqshl8d23i", "fields": {"session_data": "e30:1nBc3V:lZk8onAUmQ95q4_i_MRAV6MqwF7Q0shCI8zCL56dAC8", "expire_date": "2022-02-06T12:33:13.682Z"}}, {"model": "sessions.session", "pk": "0x25vrbo0jxut463hte94cikl9knewag", "fields": {"session_data": ".eJxVjEEOwiAQRe_C2hDLQCku3XsGMswMUjU0Ke3KeHfbpAvd_vfef6uI61Li2mSOI6uL6tTpd0tIT6k74AfW-6Rpqss8Jr0r-qBN3yaW1_Vw_w4KtrLVZ-gsOxnMICEjEhJQNg4ZOPhkEiVHPbC4TQBnxAOFXjx564MNkNXnCwPbOHU:1nClJR:3kR9oJFay2CUXJGcUKBppP8SdFxCgDjPeawqdfaA6CM", "expire_date": "2022-02-09T16:38:25.100Z"}}, {"model": "sessions.session", "pk": "2o1m8xzzw1kg21x3xcwd46e7yqo5koci", "fields": {"session_data": ".eJxVjEEOwiAQRe_C2hDLQCku3XsGMswMUjU0Ke3KeHfbpAvd_vfef6uI61Li2mSOI6uL6tTpd0tIT6k74AfW-6Rpqss8Jr0r-qBN3yaW1_Vw_w4KtrLVZ-gsOxnMICEjEhJQNg4ZOPhkEiVHPbC4TQBnxAOFXjx564MNkNXnCwPbOHU:1nD7fh:5aI67zBJrvj6xlrgVT3iGo4T_WJRcbiYt5o6tYGMdNE", "expire_date": "2022-02-10T16:30:53.044Z"}}, {"model": "sessions.session", "pk": "3duskyjud2oobe7mfyy9h5qlg0fa2rk4", "fields": {"session_data": ".eJxVjEEOwiAQRe_C2hDLQCku3XsGMswMUjU0Ke3KeHfbpAvd_vfef6uI61Li2mSOI6uL6tTpd0tIT6k74AfW-6Rpqss8Jr0r-qBN3yaW1_Vw_w4KtrLVZ-gsOxnMICEjEhJQNg4ZOPhkEiVHPbC4TQBnxAOFXjx564MNkNXnCwPbOHU:1nC2nm:vuVYxnGpXiALKCj_NbQc4bdHNagqlRld02VRGmTK-3s", "expire_date": "2022-02-07T17:06:46.175Z"}}, {"model": "sessions.session", "pk": "58ka4frht00qlxe4z0irl6bdyq05607k", "fields": {"session_data": ".eJxVjEEOwiAQRe_C2hDLQCku3XsGMswMUjU0Ke3KeHfbpAvd_vfef6uI61Li2mSOI6uL6tTpd0tIT6k74AfW-6Rpqss8Jr0r-qBN3yaW1_Vw_w4KtrLVZ-gsOxnMICEjEhJQNg4ZOPhkEiVHPbC4TQBnxAOFXjx564MNkNXnCwPbOHU:1nCjm2:wjuPvvoh7K_SYuj0B-_VoV8MxWdGiYcEck2IYmpYQRk", "expire_date": "2022-02-09T14:59:50.092Z"}}, {"model": "sessions.session", "pk": "5lbubp4d3ex056m6qjhm5jyviaqp7k1m", "fields": {"session_data": ".eJxVjEEOwiAQRe_C2hDLQCku3XsGMswMUjU0Ke3KeHfbpAvd_vfef6uI61Li2mSOI6uL6tTpd0tIT6k74AfW-6Rpqss8Jr0r-qBN3yaW1_Vw_w4KtrLVZ-gsOxnMICEjEhJQNg4ZOPhkEiVHPbC4TQBnxAOFXjx564MNkNXnCwPbOHU:1nCjKf:d8vEqk6XKSP5VanENkUi2tC0wSPnmCWzdEbKUEF58Ig", "expire_date": "2022-02-09T14:31:33.223Z"}}, {"model": "sessions.session", "pk": "5zywypwfmzn563yzzttep7sjzzc1b532", "fields": {"session_data": ".eJxVjEEOwiAQRe_C2hDLQCku3XsGMswMUjU0Ke3KeHfbpAvd_vfef6uI61Li2mSOI6uL6tTpd0tIT6k74AfW-6Rpqss8Jr0r-qBN3yaW1_Vw_w4KtrLVZ-gsOxnMICEjEhJQNg4ZOPhkEiVHPbC4TQBnxAOFXjx564MNkNXnCwPbOHU:1nCSEV:FbR_TSpw07TvHb8xgVCUDrkccXRPIA97PsToDyPdR2g", "expire_date": "2022-02-08T20:16:03.062Z"}}, {"model": "sessions.session", "pk": "6afyqk483buipcrko7cyf1cjvhdp66fk", "fields": {"session_data": ".eJxVjEEOwiAQRe_C2hDLQCku3XsGMswMUjU0Ke3KeHfbpAvd_vfef6uI61Li2mSOI6uL6tTpd0tIT6k74AfW-6Rpqss8Jr0r-qBN3yaW1_Vw_w4KtrLVZ-gsOxnMICEjEhJQNg4ZOPhkEiVHPbC4TQBnxAOFXjx564MNkNXnCwPbOHU:1nD72T:vDGo0zgiSo_cncSS-wPVmJFt9H8o4BgrumAHZw5yGw4", "expire_date": "2022-02-10T15:50:21.792Z"}}, {"model": "sessions.session", "pk": "6tc82er3q7s4q7wkipdb0k0uxuwoj4ku", "fields": {"session_data": ".eJxVjEEOwiAQRe_C2hDLQCku3XsGMswMUjU0Ke3KeHfbpAvd_vfef6uI61Li2mSOI6uL6tTpd0tIT6k74AfW-6Rpqss8Jr0r-qBN3yaW1_Vw_w4KtrLVZ-gsOxnMICEjEhJQNg4ZOPhkEiVHPbC4TQBnxAOFXjx564MNkNXnCwPbOHU:1nCRHr:0y0dypHanoWjzy2zDJyg7nNsDWLqDbUCEecGLXc1ME0", "expire_date": "2022-02-08T19:15:27.052Z"}}, {"model": "sessions.session", "pk": "7ai9hldjeeg7a1rqo6egbkxchtxb6ffy", "fields": {"session_data": ".eJxVjEEOwiAQRe_C2hDLQCku3XsGMswMUjU0Ke3KeHfbpAvd_vfef6uI61Li2mSOI6uL6tTpd0tIT6k74AfW-6Rpqss8Jr0r-qBN3yaW1_Vw_w4KtrLVZ-gsOxnMICEjEhJQNg4ZOPhkEiVHPbC4TQBnxAOFXjx564MNkNXnCwPbOHU:1nCQr5:GndebEAnSoxavpUDRM6ELORiDDtUk3vI1j5cGGG3in8", "expire_date": "2022-02-08T18:47:47.969Z"}}, {"model": "sessions.session", "pk": "7knmqj022d8lz53061yxms6pas4kgbo0", "fields": {"session_data": "e30:1nD9xO:XghgJVUrHh_BfJjA1inq91gO0lSEEHM7bcLxmqfBs0g", "expire_date": "2022-02-10T18:57:18.289Z"}}, {"model": "sessions.session", "pk": "9mjz7ybrdi9owannq8nc4nflo7p8du8y", "fields": {"session_data": ".eJxVjEEOwiAQRe_C2hDLQCku3XsGMswMUjU0Ke3KeHfbpAvd_vfef6uI61Li2mSOI6uL6tTpd0tIT6k74AfW-6Rpqss8Jr0r-qBN3yaW1_Vw_w4KtrLVZ-gsOxnMICEjEhJQNg4ZOPhkEiVHPbC4TQBnxAOFXjx564MNkNXnCwPbOHU:1nCjWn:yliNpmlI6qLRKmgyfSJzlmd0tVJXW4W6668FZ7AdRmg", "expire_date": "2022-02-09T14:44:05.326Z"}}, {"model": "sessions.session", "pk": "ay21rgw1j3ej6kh9y01kunndz0cnzqxc", "fields": {"session_data": ".eJxVjEEOwiAQRe_C2hDLQCku3XsGMswMUjU0Ke3KeHfbpAvd_vfef6uI61Li2mSOI6uL6tTpd0tIT6k74AfW-6Rpqss8Jr0r-qBN3yaW1_Vw_w4KtrLVZ-gsOxnMICEjEhJQNg4ZOPhkEiVHPbC4TQBnxAOFXjx564MNkNXnCwPbOHU:1nDOrT:aA67aUgVTRtnXT2aQlJNrkasjgM7zEjC7GqmNNllaZE", "expire_date": "2022-02-11T10:52:11.535Z"}}, {"model": "sessions.session", "pk": "bb12hkw6qo58kh4aakobfnjpqzzf04hx", "fields": {"session_data": "e30:1nBcQX:tXWRLxc669g-GV7iSZbABbx5O0e3qI7tVaCrqPY9ww8", "expire_date": "2022-02-06T12:57:01.751Z"}}, {"model": "sessions.session", "pk": "d2uk2o87sturoadiwlefvehe42wfoulr", "fields": {"session_data": ".eJxVjEEOwiAQRe_C2hDLQCku3XsGMswMUjU0Ke3KeHfbpAvd_vfef6uI61Li2mSOI6uL6tTpd0tIT6k74AfW-6Rpqss8Jr0r-qBN3yaW1_Vw_w4KtrLVZ-gsOxnMICEjEhJQNg4ZOPhkEiVHPbC4TQBnxAOFXjx564MNkNXnCwPbOHU:1nDP2T:9ljjej7FknnfMWTtfVSBZygwvtH1Etn-EW3LO6yeP7c", "expire_date": "2022-02-11T11:03:33.839Z"}}, {"model": "sessions.session", "pk": "d57voubqh0jurkjt72dq2b42du6pci4b", "fields": {"session_data": "e30:1nBcPC:0lxXLkPD6oGnVnnsgVZTDFB9uTbRcvocAitspjHTk6M", "expire_date": "2022-02-06T12:55:38.674Z"}}, {"model": "sessions.session", "pk": "dbugbmw0lbqxsf23crf2bx4jibzt0jw5", "fields": {"session_data": ".eJxVjEEOwiAQRe_C2hDLQCku3XsGMswMUjU0Ke3KeHfbpAvd_vfef6uI61Li2mSOI6uL6tTpd0tIT6k74AfW-6Rpqss8Jr0r-qBN3yaW1_Vw_w4KtrLVZ-gsOxnMICEjEhJQNg4ZOPhkEiVHPbC4TQBnxAOFXjx564MNkNXnCwPbOHU:1nD59A:Yij9-zsnW7xOvIdbCmm88H2GQV8LSiz6tDpLCb6yd7k", "expire_date": "2022-02-10T13:49:08.707Z"}}, {"model": "sessions.session", "pk": "e6tl417vdqke7nzw28azrmqyxewciwf1", "fields": {"session_data": ".eJxVjEEOwiAQRe_C2hDLQCku3XsGMswMUjU0Ke3KeHfbpAvd_vfef6uI61Li2mSOI6uL6tTpd0tIT6k74AfW-6Rpqss8Jr0r-qBN3yaW1_Vw_w4KtrLVZ-gsOxnMICEjEhJQNg4ZOPhkEiVHPbC4TQBnxAOFXjx564MNkNXnCwPbOHU:1nCP3r:yESqFc5vSbOwa9HhTmgSSF8DSDEHG4SJC5_8g6nBFV4", "expire_date": "2022-02-08T16:52:51.352Z"}}, {"model": "sessions.session", "pk": "fy75aetdj52n9sj4vri5pfprcn4p7mwg", "fields": {"session_data": ".eJxVjEEOwiAQRe_C2hDLQCku3XsGMswMUjU0Ke3KeHfbpAvd_vfef6uI61Li2mSOI6uL6tTpd0tIT6k74AfW-6Rpqss8Jr0r-qBN3yaW1_Vw_w4KtrLVZ-gsOxnMICEjEhJQNg4ZOPhkEiVHPbC4TQBnxAOFXjx564MNkNXnCwPbOHU:1nC2jH:uJGyZsmmCdkUERqbDCy_l3WLHOwNePjsqYQA1-TS0A0", "expire_date": "2022-02-07T17:02:07.008Z"}}, {"model": "sessions.session", "pk": "gaup58alqu33rr1toxut5xu28olrww77", "fields": {"session_data": ".eJxVjEEOwiAQRe_C2hDLQCku3XsGMswMUjU0Ke3KeHfbpAvd_vfef6uI61Li2mSOI6uL6tTpd0tIT6k74AfW-6Rpqss8Jr0r-qBN3yaW1_Vw_w4KtrLVZ-gsOxnMICEjEhJQNg4ZOPhkEiVHPbC4TQBnxAOFXjx564MNkNXnCwPbOHU:1nCRKr:yOHwY1BYkbh49AVNO_2GqUlR7y1ZOs5fbrxk_vSZqtM", "expire_date": "2022-02-08T19:18:33.402Z"}}, {"model": "sessions.session", "pk": "l3d3pye53dsfztr5944h1sor4f568j83", "fields": {"session_data": ".eJxVjEEOwiAQRe_C2hDLQCku3XsGMswMUjU0Ke3KeHfbpAvd_vfef6uI61Li2mSOI6uL6tTpd0tIT6k74AfW-6Rpqss8Jr0r-qBN3yaW1_Vw_w4KtrLVZ-gsOxnMICEjEhJQNg4ZOPhkEiVHPbC4TQBnxAOFXjx564MNkNXnCwPbOHU:1nCjmf:zal8TVUQwgi_ZbnHIYt9pCo34z-1arOl6t300SKZ14o", "expire_date": "2022-02-09T15:00:29.488Z"}}, {"model": "sessions.session", "pk": "muw9g19iry1arzhtw400ltz0mcjjgjjk", "fields": {"session_data": "e30:1nBcGf:qKDwpdDbEJ0j6X0xsIcHuVekhqUWVzqcHGJEqy7c2r4", "expire_date": "2022-02-06T12:46:49.176Z"}}, {"model": "sessions.session", "pk": "nhxcpwfuy6fmhsoozykxoy0hk394ido7", "fields": {"session_data": "e30:1nBc99:mYjF2xZ_k3oRtYufDVaoIsWHaDAaq8-uFx0xuhOXkxc", "expire_date": "2022-02-06T12:39:03.616Z"}}, {"model": "sessions.session", "pk": "no2cdakkw7jiz2qaiaylbeuw9f8go30t", "fields": {"session_data": ".eJxVjEEOwiAQRe_C2hDLQCku3XsGMswMUjU0Ke3KeHfbpAvd_vfef6uI61Li2mSOI6uL6tTpd0tIT6k74AfW-6Rpqss8Jr0r-qBN3yaW1_Vw_w4KtrLVZ-gsOxnMICEjEhJQNg4ZOPhkEiVHPbC4TQBnxAOFXjx564MNkNXnCwPbOHU:1nD9ZR:r6jm4GaYPkeioIvFinqKnTnPCS1hWFl-CSl1JOnNDYk", "expire_date": "2022-02-10T18:32:33.859Z"}}, {"model": "sessions.session", "pk": "osian7nxg14cxjlrm5blvzbld1qmp7a8", "fields": {"session_data": ".eJxVjEEOwiAQRe_C2hDLQCku3XsGMswMUjU0Ke3KeHfbpAvd_vfef6uI61Li2mSOI6uL6tTpd0tIT6k74AfW-6Rpqss8Jr0r-qBN3yaW1_Vw_w4KtrLVZ-gsOxnMICEjEhJQNg4ZOPhkEiVHPbC4TQBnxAOFXjx564MNkNXnCwPbOHU:1nDOm2:XBVa1HQhf4AofCBfe_zcjcSZr2iZMRLgfaphF-13m7k", "expire_date": "2022-02-11T10:46:34.114Z"}}, {"model": "sessions.session", "pk": "pp39c2h3ay5fa0l0rsilf5ppmqnngpxj", "fields": {"session_data": ".eJxVjEEOwiAQRe_C2hDLQCku3XsGMswMUjU0Ke3KeHfbpAvd_vfef6uI61Li2mSOI6uL6tTpd0tIT6k74AfW-6Rpqss8Jr0r-qBN3yaW1_Vw_w4KtrLVZ-gsOxnMICEjEhJQNg4ZOPhkEiVHPbC4TQBnxAOFXjx564MNkNXnCwPbOHU:1nCPeQ:ac2wrSfqKTgNj8CqOav0pRtS7b0l7hkLQfYnb6PQDvY", "expire_date": "2022-02-08T17:30:38.187Z"}}, {"model": "sessions.session", "pk": "pvj4nh8x77917m2cbuj8jx6borb629nr", "fields": {"session_data": ".eJxVjEEOwiAQRe_C2hDLQCku3XsGMswMUjU0Ke3KeHfbpAvd_vfef6uI61Li2mSOI6uL6tTpd0tIT6k74AfW-6Rpqss8Jr0r-qBN3yaW1_Vw_w4KtrLVZ-gsOxnMICEjEhJQNg4ZOPhkEiVHPbC4TQBnxAOFXjx564MNkNXnCwPbOHU:1nCiva:ePjwVnMheU0KIUNlpeoIWJ9RwD46XeRRrgNrvR7Va8s", "expire_date": "2022-02-09T14:05:38.293Z"}}, {"model": "sessions.session", "pk": "s1nv2rtpfqdhh7hdub44mwsk96kwsrw8", "fields": {"session_data": ".eJxVjEEOwiAQRe_C2hDLQCku3XsGMswMUjU0Ke3KeHfbpAvd_vfef6uI61Li2mSOI6uL6tTpd0tIT6k74AfW-6Rpqss8Jr0r-qBN3yaW1_Vw_w4KtrLVZ-gsOxnMICEjEhJQNg4ZOPhkEiVHPbC4TQBnxAOFXjx564MNkNXnCwPbOHU:1nCjCa:k_opvfn1FWTLrkQxOxQ84xPHAk_6jms2Qr8r4x3Tj5Q", "expire_date": "2022-02-09T14:23:12.076Z"}}, {"model": "sessions.session", "pk": "t0qr3gcg39v6jz7th0k7hyki2jbrqxd1", "fields": {"session_data": ".eJxVjEEOwiAQRe_C2hDLQCku3XsGMswMUjU0Ke3KeHfbpAvd_vfef6uI61Li2mSOI6uL6tTpd0tIT6k74AfW-6Rpqss8Jr0r-qBN3yaW1_Vw_w4KtrLVZ-gsOxnMICEjEhJQNg4ZOPhkEiVHPbC4TQBnxAOFXjx564MNkNXnCwPbOHU:1nCjIP:MSR5RY4Raj_dFvlG6vScB-W96-qNY6PZ5Fy4Lc0FPDM", "expire_date": "2022-02-09T14:29:13.630Z"}}, {"model": "sessions.session", "pk": "tni28kukzf1kr0c9ztpljk3k7qht1ia5", "fields": {"session_data": "eyJfc2Vzc2lvbl9pbml0X3RpbWVzdGFtcF8iOjE2NDM2MTQ5NzcuMjk1NjQyNn0:1nERKz:P9Mk1ZCE_A-qRYKPcQd4wo9g4sgBTCcAhe47hVrbwN8", "expire_date": "2022-02-14T07:42:57.322Z"}}, {"model": "sessions.session", "pk": "tr56vk7nhcjzf6b64iycb761qgn1v1cm", "fields": {"session_data": "e30:1nBcN5:rLxGufnbWlp46BtwNE1AuDSU_vppRcDQhYYJ-HLyQkU", "expire_date": "2022-02-06T12:53:27.925Z"}}, {"model": "sessions.session", "pk": "u228pqsfs49plq6se27ixbtqeog94rma", "fields": {"session_data": "e30:1nBcOo:HKDJ-e-3qpc6Sp3E1IHkYvneoH9KLCqBcxN3gddS2zg", "expire_date": "2022-02-06T12:55:14.578Z"}}, {"model": "sessions.session", "pk": "v4mhamxvgpnv65q4hjahxa6icpb6qrsv", "fields": {"session_data": "e30:1nBcfk:zVNOEinzMeqBc_g9NVjq8E3IXY6MS10VmOLDt0HrcNk", "expire_date": "2022-02-06T13:12:44.380Z"}}, {"model": "sessions.session", "pk": "wfqzx2cau5akyxh7k6hherbgqr2jgida", "fields": {"session_data": "e30:1nDOw9:vZukrCjjU4Sc29Hii6YcEfVhNKBGwHbMpkTEMtYzGwM", "expire_date": "2022-02-11T10:57:01.055Z"}}, {"model": "sessions.session", "pk": "wkn6i3m6u4yv9b7tuvs7gl5xkdr2rjfg", "fields": {"session_data": ".eJxVjEEOwiAQRe_C2hAotDAu3fcMZMoMUjWQlHZlvLtt0oVu_3v_vUXAbc1ha7yEmcRV6E5cfscJ45PLQeiB5V5lrGVd5kkeijxpk2Mlft1O9y-QseX9bYkTQ6eBoiVN3jljlDEuAQzYDapXDOQ9e8Texr3rEiWPySkwDgYrPl8MKjgr:1nBd3G:zOnoXnPmoDq6L_jhrdBwFCupOgUHc1iYsARJ0Jft6D0", "expire_date": "2022-02-06T13:37:02.643Z"}}, {"model": "sessions.session", "pk": "xaks582psyb3rq58aicwll2ven01s338", "fields": {"session_data": "e30:1nBco4:I0Hw8i-vusZTLvYr9DL7_Nf4pgePHFIBhsfKpymzRFQ", "expire_date": "2022-02-06T13:21:20.448Z"}}, {"model": "sessions.session", "pk": "xggqlbg8wybqg0o3jpcry4yml2ihjva4", "fields": {"session_data": ".eJxVjEEOwiAQRe_C2hDLQCku3XsGMswMUjU0Ke3KeHfbpAvd_vfef6uI61Li2mSOI6uL6tTpd0tIT6k74AfW-6Rpqss8Jr0r-qBN3yaW1_Vw_w4KtrLVZ-gsOxnMICEjEhJQNg4ZOPhkEiVHPbC4TQBnxAOFXjx564MNkNXnCwPbOHU:1nBxwr:2f_geWdoegWOnY7eRhXv6eIX6-EPU3TW636NgQIYamY", "expire_date": "2022-02-07T11:55:49.669Z"}}, {"model": "sessions.session", "pk": "yehmzbjnsrb970jhlhcjh3dlnr9fky0e", "fields": {"session_data": "eyJfc2Vzc2lvbl9pbml0X3RpbWVzdGFtcF8iOjE2NDM5ODMzMjkuMzA2Mjg1NH0:1nFzA9:ImnYL3szinB2Ah6lHhS1THmfWApXN6KqtnHpQGTo5xM", "expire_date": "2022-02-18T14:02:09.382Z"}}, {"model": "sessions.session", "pk": "ymzdzkmy3nlyvlgleegchy55vkea87g9", "fields": {"session_data": ".eJxVjEEOwiAQRe_C2hDLQIEu3XsGMgxTi1pqBFfGu9sm3XT733v_K0LlWvNSQi65hZZnrg3nVxBD12voO-ucls6CcnASAT9tCp_K75CTGEQnDltEenDZQLpjuS2SltLeOcpNkTut8rokfl5293AwYZ3W-gydToadcuxHREICGpXBBMnbqCJFQz0kNqsARrEF8j1bstp67WEUvz_7kkak:1nES5s:V92WOiYdlCotJhO-665iuENDYMpNdA9DAajDpfxQfYs", "expire_date": "2022-02-14T08:31:24.891Z"}}, {"model": "sessions.session", "pk": "ynyq54brrl09n8a8fd85gpwrwdoh1dbi", "fields": {"session_data": "e30:1nBcWx:OP1fFa7xGdMbLk1sCNmV-3oWs2YpjDnjevwyzu6B6Jw", "expire_date": "2022-02-06T13:03:39.510Z"}}, {"model": "sessions.session", "pk": "yye8vmjo0d41c726imq70ihu9o4u968k", "fields": {"session_data": ".eJxVjEEOwiAQRe_C2hDLQCku3XsGMswMUjU0Ke3KeHfbpAvd_vfef6uI61Li2mSOI6uL6tTpd0tIT6k74AfW-6Rpqss8Jr0r-qBN3yaW1_Vw_w4KtrLVZ-gsOxnMICEjEhJQNg4ZOPhkEiVHPbC4TQBnxAOFXjx564MNkNXnCwPbOHU:1nChGs:ChXHXVFDg7nlZtiayP_p4F8kLJNr18oX5PjCK2PH9J4", "expire_date": "2022-02-09T12:19:30.846Z"}}, {"model": "sessions.session", "pk": "z3j9s4s99panfmdq0me3exhd5gguagvw", "fields": {"session_data": ".eJxVjEEOwiAQRe_C2hDLQCku3XsGMswMUjU0Ke3KeHfbpAvd_vfef6uI61Li2mSOI6uL6tTpd0tIT6k74AfW-6Rpqss8Jr0r-qBN3yaW1_Vw_w4KtrLVZ-gsOxnMICEjEhJQNg4ZOPhkEiVHPbC4TQBnxAOFXjx564MNkNXnCwPbOHU:1n4Sq1:uiCuHSaXkT35P-uxXbr6oD7IkJb8Yoa8qqyGwmF3L6M", "expire_date": "2022-01-17T19:17:45.801Z"}}, {"model": "sessions.session", "pk": "z5j97xvnw9bg2hjycynehugphjeiyxpc", "fields": {"session_data": ".eJxVjEEOwiAQRe_C2hDLQCku3XsGMswMUjU0Ke3KeHfbpAvd_vfef6uI61Li2mSOI6uL6tTpd0tIT6k74AfW-6Rpqss8Jr0r-qBN3yaW1_Vw_w4KtrLVZ-gsOxnMICEjEhJQNg4ZOPhkEiVHPbC4TQBnxAOFXjx564MNkNXnCwPbOHU:1nCj87:794IpxCu_Sr1bKawycOoJ3fLOmpiEZPdEX-qzPnbyD0", "expire_date": "2022-02-09T14:18:35.067Z"}}, {"model": "sessions.session", "pk": "z6gyhhf6xg7003occj3hhxpltg616x55", "fields": {"session_data": ".eJxVjEEOwiAQRe_C2hDLQCku3XsGMswMUjU0Ke3KeHfbpAvd_vfef6uI61Li2mSOI6uL6tTpd0tIT6k74AfW-6Rpqss8Jr0r-qBN3yaW1_Vw_w4KtrLVZ-gsOxnMICEjEhJQNg4ZOPhkEiVHPbC4TQBnxAOFXjx564MNkNXnCwPbOHU:1nCRj3:OnkrHtVPpf7dDUaFAQk4SJe_apgK-OTSCI6IC2fZc-c", "expire_date": "2022-02-08T19:43:33.113Z"}}, {"model": "category.category", "pk": 1, "fields": {"category_name": "Shirts", "slug": "shirts", "description": "Stylish Shirt Category", "cat_image": "photos/categories/shirts.jpg"}}, {"model": "category.category", "pk": 2, "fields": {"category_name": "T Shirt", "slug": "t-shirt", "description": "Stylish T-Shirt", "cat_image": "photos/categories/tshirts.jpg"}}, {"model": "category.category", "pk": 3, "fields": {"category_name": "Shoes", "slug": "shoes", "description": "Stylish Shoes", "cat_image": "photos/categories/shoes.png"}}, {"model": "category.category", "pk": 4, "fields": {"category_name": "Jackets", "slug": "jackets", "description": "Stylish Jacket", "cat_image": "photos/categories/jackets.jpg"}}, {"model": "category.category", "pk": 5, "fields": {"category_name": "Jeans", "slug": "jeans", "description": "Stylish Jeans", "cat_image": "photos/categories/jeans.jpg"}}, {"model": "accounts.account", "pk": 1, "fields": {"password": "pbkdf2_sha256$216000$ZdnssRqVakZc$Wj09dWtNQyTfonJ9jpsa9X0DKEGNXTaJpfP4kShCP8o=", "first_name": "yash", "last_name": "suthar", "username": "admin", "email": "yashsuthar013@gmail.com", "phone_number": "1234567890", "date_joined": "2022-01-03T19:16:38.146Z", "last_login": "2022-02-02T20:27:32.423Z", "is_admin": true, "is_staff": true, "is_active": true, "is_superadmin": true}}, {"model": "accounts.account", "pk": 2, "fields": {"password": "pbkdf2_sha256$216000$rTs9hQpoWJn9$ol4bDW2xplIfBGnq27w0/qdS6H7ep3+t2M24Z03evyk=", "first_name": "Jackson", "last_name": "paul", "username": "jackson.paul", "email": "jackson.paul@gmail.com", "phone_number": "1234567890", "date_joined": "2022-01-21T10:35:23.301Z", "last_login": "2022-01-21T10:35:23.301Z", "is_admin": false, "is_staff": false, "is_active": false, "is_superadmin": false}}, {"model": "accounts.account", "pk": 3, "fields": {"password": "pbkdf2_sha256$216000$ExQNb6x8p430$1xnFgc639R9+L+bP6UwCSp5S7lPj/eLGx5mEmZfPVF8=", "first_name": "Yash", "last_name": "Suthar", "username": "yashsuthar33", "email": "yashsuthar33@gmail.com", "phone_number": "1234321908", "date_joined": "2022-01-21T13:17:48.684Z", "last_login": "2022-01-21T13:17:48.684Z", "is_admin": false, "is_staff": false, "is_active": false, "is_superadmin": false}}, {"model": "accounts.account", "pk": 4, "fields": {"password": "pbkdf2_sha256$216000$CoVJWnL7cKVe$aaYw2kChx+CRo2yjSBxe4NuBm1sDdPMTMhXFRoGCcRc=", "first_name": "Yas", "last_name": "Su", "username": "yashsuthar23", "email": "yashsuthar23@gmail.com", "phone_number": "1234321904", "date_joined": "2022-01-21T13:26:46.936Z", "last_login": "2022-01-21T13:26:46.936Z", "is_admin": false, "is_staff": false, "is_active": false, "is_superadmin": false}}, {"model": "accounts.account", "pk": 5, "fields": {"password": "pbkdf2_sha256$216000$lMCiNsQgjlNp$ywOkPLVmuWpEiuW0cZtjcmGLlVYOFMRCZU2Yhjn+II8=", "first_name": "Yas", "last_name": "Su", "username": "yashsuthar3333", "email": "yashsuthar3333@gmail.com", "phone_number": "1234321904", "date_joined": "2022-01-21T13:33:44.393Z", "last_login": "2022-01-21T15:35:38.978Z", "is_admin": false, "is_staff": false, "is_active": false, "is_superadmin": false}}, {"model": "accounts.account", "pk": 6, "fields": {"password": "pbkdf2_sha256$216000$zHo3jMEB7pkK$cBy8AuFBfH9eD2ddbj9M3+HnTDjazEh6oQZh8VFbHw0=", "first_name": "Yas", "last_name": "Su", "username": "yashsuthar33332", "email": "yashsuthar33332@gmail.com", "phone_number": "1234321904", "date_joined": "2022-01-21T13:34:38.413Z", "last_login": "2022-01-21T13:34:38.413Z", "is_admin": false, "is_staff": false, "is_active": false, "is_superadmin": false}}, {"model": "accounts.account", "pk": 7, "fields": {"password": "pbkdf2_sha256$216000$HhNMkahsCuR7$H+Ifypx+4C/hOz1hnQ52FsBUzT4GgZsijrQqLuEAhoY=", "first_name": "Yas", "last_name": "Su", "username": "yashsuthar3233", "email": "yashsuthar3233@gmail.com", "phone_number": "1234321904", "date_joined": "2022-01-21T13:39:11.465Z", "last_login": "2022-01-21T13:39:11.465Z", "is_admin": false, "is_staff": false, "is_active": false, "is_superadmin": false}}, {"model": "accounts.account", "pk": 8, "fields": {"password": "pbkdf2_sha256$216000$DSAvo0slVQL7$PG+f8e/fXVtMEeLaWse4idZCqbq83XJUhSpyJe+AWUo=", "first_name": "Yas", "last_name": "Su", "username": "yashsuthar3223", "email": "yashsuthar3223@gmail.com", "phone_number": "1234321904", "date_joined": "2022-01-21T13:44:17.359Z", "last_login": "2022-01-21T13:44:17.359Z", "is_admin": false, "is_staff": false, "is_active": false, "is_superadmin": false}}, {"model": "accounts.account", "pk": 12, "fields": {"password": "pbkdf2_sha256$216000$K4clgOObpOf3$ySm7RgojZ0X5kwTaOJNrB5HL+oxWWgvdMTBsfDfgxa8=", "first_name": "yo", "last_name": "bhai", "username": "yash139200219", "email": "yash139200219@gmail.com", "phone_number": "1234556789", "date_joined": "2022-01-22T17:30:14.109Z", "last_login": "2022-01-29T19:36:57.043Z", "is_admin": false, "is_staff": false, "is_active": true, "is_superadmin": false}}, {"model": "accounts.account", "pk": 13, "fields": {"password": "pbkdf2_sha256$216000$3m9iNH2Dzkni$XaELZkYreg1GG4bmPz/2WC1/KPFzIm0ADjf5Q+l51gI=", "first_name": "Michel", "last_name": "Jacson", "username": "ybness013", "email": "ybness013@gmail.com", "phone_number": "9988776655", "date_joined": "2022-01-27T16:20:30.750Z", "last_login": "2022-01-27T16:21:46.170Z", "is_admin": false, "is_staff": false, "is_active": true, "is_superadmin": false}}, {"model": "accounts.account", "pk": 15, "fields": {"password": "pbkdf2_sha256$216000$QvI5HB5chlM0$EWEUIXu8Ug48DsyB7tdS3sX+qdTx+IWiQO/MdwXbIOw=", "first_name": "meet", "last_name": "bro", "username": "meet193200013", "email": "meet193200013@gmail.com", "phone_number": "1234455778", "date_joined": "2022-01-29T19:45:50.451Z", "last_login": "2022-01-29T19:48:20.420Z", "is_admin": false, "is_staff": false, "is_active": true, "is_superadmin": false}}, {"model": "accounts.userprofile", "pk": 1, "fields": {"user": 12, "address_line_1": "township, motikhavdi", "address_line_2": "nava gam", "profile_picture": "userprofile/img_avatar_uPP0Rsm.png", "city": "Vadodara", "state": "Gujarat", "country": "India"}}, {"model": "accounts.userprofile", "pk": 2, "fields": {"user": 13, "address_line_1": "", "address_line_2": "", "profile_picture": "default/default-user.png", "city": "", "state": "", "country": ""}}, {"model": "accounts.userprofile", "pk": 4, "fields": {"user": 15, "address_line_1": "", "address_line_2": "", "profile_picture": "default/default-user.png", "city": "", "state": "", "country": ""}}, {"model": "store.product", "pk": 2, "fields": {"product_name": "Blue Shirt", "slug": "blue-shirt", "description": "cool Shirt", "price": 99, "images": "photos/products/Blue-Shirt.jpg", "stock": 191, "is_available": true, "category": 1, "created_date": "2022-01-03T23:31:32.245Z", "modified_date": "2022-01-29T19:50:26.183Z"}}, {"model": "store.product", "pk": 3, "fields": {"product_name": "Great Tshirt", "slug": "great-tshirt", "description": "Lorem Ipsum is simply dummy text of the printing and typesetting industry. Lorem Ipsum has been the industry's standard dummy text ever since the 1500s, when an unknown printer took a galley of type and scrambled it to make a type specimen book. It has survived not only five centuries, but also the leap into electronic typesetting,", "price": 129, "images": "photos/products/Great-Tshirt.jpg", "stock": 56, "is_available": true, "category": 2, "created_date": "2022-01-03T23:33:37.591Z", "modified_date": "2022-01-28T10:49:33.076Z"}}, {"model": "store.product", "pk": 4, "fields": {"product_name": "Jorden Basketball Shoes", "slug": "jorden-basketball-shoes", "description": "Lorem Ipsum is simply dummy text of the printing and typesetting industry. Lorem Ipsum has been the industry's standard dummy text ever since the 1500s, when an unknown printer took a galley of type and scrambled it to make a type specimen book. It has survived not only five centuries, but also the leap into electronic typesetting,", "price": 399, "images": "photos/products/jordan-true-flight-basketball-shoes.jpg", "stock": 499, "is_available": true, "category": 3, "created_date": "2022-01-03T23:34:48.147Z", "modified_date": "2022-01-28T10:50:38.958Z"}}, {"model": "store.product", "pk": 5, "fields": {"product_name": "Mavi Jeans", "slug": "mavi-jeans", "description": "Lorem Ipsum is simply dummy text of the printing and typesetting industry. Lorem Ipsum has been the industry's standard dummy text ever since the 1500s, when an unknown printer took a galley of type and scrambled it to make a type specimen book. It has survived not only five centuries, but also the leap into electronic typesetting,", "price": 499, "images": "photos/products/Mavi_jeans.jpg", "stock": 499, "is_available": true, "category": 5, "created_date": "2022-01-03T23:35:34.923Z", "modified_date": "2022-01-28T10:50:38.984Z"}}, {"model": "store.product", "pk": 6, "fields": {"product_name": "Puma Ferrari Shoes", "slug": "puma-ferrari-shoes", "description": "Lorem Ipsum is simply dummy text of the printing and typesetting industry. Lorem Ipsum has been the industry's standard dummy text ever since the 1500s, when an unknown printer took a galley of type and scrambled it to make a type specimen book. It has survived not only five centuries, but also the leap into electronic typesetting,", "price": 599, "images": "photos/products/Puma-Ferrari-Shoes.jpg", "stock": 599, "is_available": true, "category": 3, "created_date": "2022-01-03T23:36:15.322Z", "modified_date": "2022-01-28T10:54:18.946Z"}}, {"model": "store.product", "pk": 7, "fields": {"product_name": "US Polo Assn Jacket", "slug": "us-polo-assn-jacket", "description": "Lorem Ipsum is simply dummy text of the printing and typesetting industry. Lorem Ipsum has been the industry's standard dummy text ever since the 1500s, when an unknown printer took a galley of type and scrambled it to make a type specimen book. It has survived not only five centuries, but also the leap into electronic typesetting,", "price": 399, "images": "photos/products/US-Polo-Assn_Jacket.jpg", "stock": 999, "is_available": true, "category": 4, "created_date": "2022-01-03T23:37:22.943Z", "modified_date": "2022-01-28T10:54:18.898Z"}}, {"model": "store.product", "pk": 8, "fields": {"product_name": "Wrangler Shirt", "slug": "wrangler-shirt", "description": "Lorem Ipsum is simply dummy text of the printing and typesetting industry. Lorem Ipsum has been the industry's standard dummy text ever since the 1500s, when an unknown printer took a galley of type and scrambled it to make a type specimen book. It has survived not only five centuries, but also the leap into electronic typesetting,", "price": 499, "images": "photos/products/Wrangler-Shirt.jpg", "stock": 499, "is_available": true, "category": 1, "created_date": "2022-01-03T23:37:59.499Z", "modified_date": "2022-01-28T10:54:18.834Z"}}, {"model": "store.product", "pk": 9, "fields": {"product_name": "ATX-Jeans", "slug": "atx-jeans", "description": "cool jeans", "price": 199, "images": "photos/products/ATX-Jeans_dhnSf0Y.jpg", "stock": 81, "is_available": true, "category": 5, "created_date": "2022-01-27T18:35:50.709Z", "modified_date": "2022-01-27T19:19:53.377Z"}}, {"model": "store.variation", "pk": 7, "fields": {"product": 2, "variation_category": "color", "variation_value": "Blue", "is_active": true, "created_date": "2022-01-23T11:56:48.796Z"}}, {"model": "store.variation", "pk": 8, "fields": {"product": 2, "variation_category": "size", "variation_value": "small", "is_active": true, "created_date": "2022-01-23T11:57:01.917Z"}}, {"model": "store.variation", "pk": 9, "fields": {"product": 2, "variation_category": "size", "variation_value": "medium", "is_active": true, "created_date": "2022-01-23T11:57:09.122Z"}}, {"model": "store.variation", "pk": 10, "fields": {"product": 2, "variation_category": "size", "variation_value": "large", "is_active": true, "created_date": "2022-01-23T11:57:17.327Z"}}, {"model": "store.variation", "pk": 11, "fields": {"product": 9, "variation_category": "color", "variation_value": "Blue", "is_active": true, "created_date": "2022-01-27T18:36:34.277Z"}}, {"model": "store.variation", "pk": 12, "fields": {"product": 9, "variation_category": "color", "variation_value": "Black", "is_active": true, "created_date": "2022-01-27T18:36:50.774Z"}}, {"model": "store.variation", "pk": 13, "fields": {"product": 9, "variation_category": "size", "variation_value": "small", "is_active": true, "created_date": "2022-01-27T18:36:58.735Z"}}, {"model": "store.variation", "pk": 14, "fields": {"product": 9, "variation_category": "size", "variation_value": "medium", "is_active": true, "created_date": "2022-01-27T18:37:07.654Z"}}, {"model": "store.variation", "pk": 15, "fields": {"product": 9, "variation_category": "size", "variation_value": "large", "is_active": true, "created_date": "2022-01-27T18:37:16.727Z"}}, {"model": "store.variation", "pk": 16, "fields": {"product": 3, "variation_category": "color", "variation_value": "Blue", "is_active": true, "created_date": "2022-01-28T10:46:53.793Z"}}, {"model": "store.variation", "pk": 17, "fields": {"product": 3, "variation_category": "size", "variation_value": "medium", "is_active": true, "created_date": "2022-01-28T10:47:06.571Z"}}, {"model": "store.variation", "pk": 18, "fields": {"product": 3, "variation_category": "size", "variation_value": "small", "is_active": true, "created_date": "2022-01-28T10:47:17.212Z"}}, {"model": "store.variation", "pk": 19, "fields": {"product": 4, "variation_category": "color", "variation_value": "Black", "is_active": true, "created_date": "2022-01-28T10:47:47.353Z"}}, {"model": "store.variation", "pk": 20, "fields": {"product": 4, "variation_category": "size", "variation_value": "large", "is_active": true, "created_date": "2022-01-28T10:47:56.708Z"}}, {"model": "store.variation", "pk": 21, "fields": {"product": 5, "variation_category": "color", "variation_value": "Blue", "is_active": true, "created_date": "2022-01-28T10:48:11.929Z"}}, {"model": "store.variation", "pk": 22, "fields": {"product": 5, "variation_category": "size", "variation_value": "large", "is_active": true, "created_date": "2022-01-28T10:48:23.007Z"}}, {"model": "store.variation", "pk": 23, "fields": {"product": 5, "variation_category": "size", "variation_value": "medium", "is_active": true, "created_date": "2022-01-28T10:48:32.165Z"}}, {"model": "store.variation", "pk": 24, "fields": {"product": 6, "variation_category": "color", "variation_value": "Black", "is_active": true, "created_date": "2022-01-28T10:52:31.524Z"}}, {"model": "store.variation", "pk": 25, "fields": {"product": 6, "variation_category": "size", "variation_value": "medium", "is_active": true, "created_date": "2022-01-28T10:52:47.034Z"}}, {"model": "store.variation", "pk": 26, "fields": {"product": 7, "variation_category": "color", "variation_value": "Brown", "is_active": true, "created_date": "2022-01-28T10:53:12.662Z"}}, {"model": "store.variation", "pk": 27, "fields": {"product": 7, "variation_category": "size", "variation_value": "medium", "is_active": true, "created_date": "2022-01-28T10:53:20.635Z"}}, {"model": "store.variation", "pk": 28, "fields": {"product": 8, "variation_category": "color", "variation_value": "Blue", "is_active": true, "created_date": "2022-01-28T10:53:29.118Z"}}, {"model": "store.variation", "pk": 29, "fields": {"product": 8, "variation_category": "size", "variation_value": "small", "is_active": true, "created_date": "2022-01-28T10:53:36.791Z"}}, {"model": "store.reviewrating", "pk": 4, "fields": {"product": 9, "user": 12, "subject": "this is good product", "review": "good", "rating": 4.5, "ip": "127.0.0.1", "status": true, "created_at": "2022-01-27T19:20:23.214Z", "updated_at": "2022-01-27T19:25:02.187Z"}}, {"model": "store.reviewrating", "pk": 5, "fields": {"product": 3, "user": 12, "subject": "", "review": "", "rating": 3.5, "ip": "127.0.0.1", "status": true, "created_at": "2022-01-28T10:49:56.462Z", "updated_at": "2022-01-28T10:49:56.462Z"}}, {"model": "store.reviewrating", "pk": 6, "fields": {"product": 4, "user": 12, "subject": "", "review": "", "rating": 4.0, "ip": "127.0.0.1", "status": true, "created_at": "2022-01-28T10:51:11.109Z", "updated_at": "2022-01-28T10:51:11.109Z"}}, {"model": "store.reviewrating", "pk": 7, "fields": {"product": 5, "user": 12, "subject": "", "review": "", "rating": 4.5, "ip": "127.0.0.1", "status": true, "created_at": "2022-01-28T10:51:29.103Z", "updated_at": "2022-01-28T10:51:29.103Z"}}, {"model": "store.reviewrating", "pk": 8, "fields": {"product": 2, "user": 12, "subject": "", "review": "", "rating": 5.0, "ip": "127.0.0.1", "status": true, "created_at": "2022-01-28T10:51:43.501Z", "updated_at": "2022-01-28T10:51:43.501Z"}}, {"model": "store.reviewrating", "pk": 9, "fields": {"product": 8, "user": 12, "subject": "", "review": "", "rating": 3.0, "ip": "127.0.0.1", "status": true, "created_at": "2022-01-28T10:54:35.216Z", "updated_at": "2022-01-28T10:54:35.216Z"}}, {"model": "store.reviewrating", "pk": 10, "fields": {"product": 7, "user": 12, "subject": "", "review": "", "rating": 4.0, "ip": "127.0.0.1", "status": true, "created_at": "2022-01-28T10:54:50.779Z", "updated_at": "2022-01-28T10:54:50.779Z"}}, {"model": "store.reviewrating", "pk": 11, "fields": {"product": 6, "user": 12, "subject": "", "review": "", "rating": 5.0, "ip": "127.0.0.1", "status": true, "created_at": "2022-01-28T10:54:58.809Z", "updated_at": "2022-01-28T10:54:58.809Z"}}, {"model": "store.productgallary", "pk": 2, "fields": {"product": 9, "image": "store/products/image1.jpg"}}, {"model": "store.productgallary", "pk": 3, "fields": {"product": 9, "image": "store/products/image2.jpg"}}, {"model": "store.productgallary", "pk": 4, "fields": {"product": 9, "image": "store/products/image13.jpg"}}, {"model": "carts.cart", "pk": 23, "fields": {"cart_id": "z88maq2gphdq92muvur59zz04z4jr840", "date_added": "2022-01-23"}}, {"model": "carts.cart", "pk": 24, "fields": {"cart_id": "371whhe84j9n10hbjo24y2sig1999xal", "date_added": "2022-01-23"}}, {"model": "carts.cart", "pk": 25, "fields": {"cart_id": "iqfz7tmicoxyd0ypm9w92w6f7g42yt64", "date_added": "2022-01-23"}}, {"model": "carts.cart", "pk": 26, "fields": {"cart_id": "tl00y2ox2l8ciwquohng7v5t9ii8q9a8", "date_added": "2022-01-23"}}, {"model": "carts.cart", "pk": 27, "fields": {"cart_id": "27utbneg4sl9eonhaeh97lvhswbx4lda", "date_added": "2022-01-23"}}, {"model": "carts.cart", "pk": 28, "fields": {"cart_id": "w851tgxr6w7e7f28e1wuh2p9q4ffhav0", "date_added": "2022-01-23"}}, {"model": "carts.cart", "pk": 29, "fields": {"cart_id": "hin68d993edrs9xwk5l7mechbuiqgmd0", "date_added": "2022-01-23"}}, {"model": "carts.cart", "pk": 30, "fields": {"cart_id": "hgdvb188hmh563nyls7tkig8xgvjyko8", "date_added": "2022-01-23"}}, {"model": "carts.cart", "pk": 31, "fields": {"cart_id": "r4fsb9b5smw97yw6831r49hvyrckbs5n", "date_added": "2022-01-23"}}, {"model": "carts.cart", "pk": 32, "fields": {"cart_id": "fu133r32tr9nk77hvet0v3lhgnp15k8a", "date_added": "2022-01-26"}}, {"model": "carts.cart", "pk": 33, "fields": {"cart_id": "awdeod7h1bfrgy41qarnahxmcgebhr59", "date_added": "2022-01-26"}}, {"model": "carts.cart", "pk": 34, "fields": {"cart_id": "itlfl6t7ndz3caq3goqpmsu5s2wkvz3x", "date_added": "2022-01-26"}}, {"model": "carts.cart", "pk": 35, "fields": {"cart_id": "11z4s94y4z935fse4eyzstmeen918zf6", "date_added": "2022-01-26"}}, {"model": "carts.cart", "pk": 36, "fields": {"cart_id": "e163j734v7zup2tr225xx6hw7cpgjnzc", "date_added": "2022-01-27"}}, {"model": "carts.cart", "pk": 37, "fields": {"cart_id": "q13iog0jmotpjx3z6hva8bus5jrg2ht4", "date_added": "2022-01-30"}}, {"model": "carts.cartitem", "pk": 50, "fields": {"user": null, "product": 2, "cart": 25, "quantity": 1, "is_active": true, "variations": [7, 9]}}, {"model": "carts.cartitem", "pk": 52, "fields": {"user": null, "product": 2, "cart": 28, "quantity": 1, "is_active": true, "variations": [7, 9]}}, {"model": "carts.cartitem", "pk": 54, "fields": {"user": null, "product": 2, "cart": 30, "quantity": 1, "is_active": true, "variations": [7, 9]}}, {"model": "orders.payment", "pk": 1, "fields": {"user": 12, "payment_id": "9FB08730H27530301", "payment_method": "PayPal", "amount_paid": "607.92", "status": "COMPLETED", "created_at": "2022-01-25T17:33:42.558Z"}}, {"model": "orders.payment", "pk": 2, "fields": {"user": 12, "payment_id": "8B511093M3022932D", "payment_method": "PayPal", "amount_paid": "303.96", "status": "COMPLETED", "created_at": "2022-01-25T18:47:12.571Z"}}, {"model": "orders.payment", "pk": 3, "fields": {"user": 12, "payment_id": "75F39549Y0369793K", "payment_method": "PayPal", "amount_paid": "303.96", "status": "COMPLETED", "created_at": "2022-01-25T18:51:51.356Z"}}, {"model": "orders.payment", "pk": 4, "fields": {"user": 12, "payment_id": "2M556577M8961541L", "payment_method": "PayPal", "amount_paid": "506.94", "status": "COMPLETED", "created_at": "2022-01-25T19:15:07.666Z"}}, {"model": "orders.payment", "pk": 5, "fields": {"user": 12, "payment_id": "6KY3807614414791T", "payment_method": "PayPal", "amount_paid": "506.94", "status": "COMPLETED", "created_at": "2022-01-25T19:18:12.257Z"}}, {"model": "orders.payment", "pk": 6, "fields": {"user": 12, "payment_id": "3MW36238GU209011K", "payment_method": "PayPal", "amount_paid": "405.96", "status": "COMPLETED", "created_at": "2022-01-25T19:22:28.130Z"}}, {"model": "orders.payment", "pk": 7, "fields": {"user": 12, "payment_id": "91T98776NT352173V", "payment_method": "PayPal", "amount_paid": "405.96", "status": "COMPLETED", "created_at": "2022-01-25T19:24:31.419Z"}}, {"model": "orders.payment", "pk": 8, "fields": {"user": 12, "payment_id": "9SD62546AA456342P", "payment_method": "PayPal", "amount_paid": "506.94", "status": "COMPLETED", "created_at": "2022-01-25T19:43:11.023Z"}}, {"model": "orders.payment", "pk": 9, "fields": {"user": 12, "payment_id": "8XH326669V0590242", "payment_method": "PayPal", "amount_paid": "506.94", "status": "COMPLETED", "created_at": "2022-01-25T19:45:46.956Z"}}, {"model": "orders.payment", "pk": 10, "fields": {"user": 12, "payment_id": "7RT931946C116960V", "payment_method": "PayPal", "amount_paid": "506.94", "status": "COMPLETED", "created_at": "2022-01-25T19:59:08.319Z"}}, {"model": "orders.payment", "pk": 11, "fields": {"user": 12, "payment_id": "9XN86125P4858093T", "payment_method": "PayPal", "amount_paid": "506.94", "status": "COMPLETED", "created_at": "2022-01-25T20:02:27.748Z"}}, {"model": "orders.payment", "pk": 12, "fields": {"user": 12, "payment_id": "5YW21518YT439173M", "payment_method": "PayPal", "amount_paid": "506.94", "status": "COMPLETED", "created_at": "2022-01-25T20:08:12.742Z"}}, {"model": "orders.payment", "pk": 13, "fields": {"user": 12, "payment_id": "36855431280235547", "payment_method": "PayPal", "amount_paid": "506.94", "status": "COMPLETED", "created_at": "2022-01-25T20:10:49.579Z"}}, {"model": "orders.payment", "pk": 14, "fields": {"user": 12, "payment_id": "4D137422BK432890G", "payment_method": "PayPal", "amount_paid": "405.96", "status": "COMPLETED", "created_at": "2022-01-25T20:31:48.152Z"}}, {"model": "orders.payment", "pk": 15, "fields": {"user": 12, "payment_id": "1WV43240W78914102", "payment_method": "PayPal", "amount_paid": "303.96", "status": "COMPLETED", "created_at": "2022-01-26T07:21:24.645Z"}}, {"model": "orders.payment", "pk": 16, "fields": {"user": 12, "payment_id": "3YA54312NA0672849", "payment_method": "PayPal", "amount_paid": "405.96", "status": "COMPLETED", "created_at": "2022-01-26T07:25:12.192Z"}}, {"model": "orders.payment", "pk": 17, "fields": {"user": 12, "payment_id": "3F138683D1634721K", "payment_method": "PayPal", "amount_paid": "201.96", "status": "COMPLETED", "created_at": "2022-01-26T07:26:58.253Z"}}, {"model": "orders.payment", "pk": 18, "fields": {"user": 12, "payment_id": "5Y989548AK095492F", "payment_method": "PayPal", "amount_paid": "202.98", "status": "COMPLETED", "created_at": "2022-01-26T09:05:24.252Z"}}, {"model": "orders.payment", "pk": 19, "fields": {"user": 12, "payment_id": "4TT26969U9507392H", "payment_method": "PayPal", "amount_paid": "100.98", "status": "COMPLETED", "created_at": "2022-01-26T09:12:48.752Z"}}, {"model": "orders.payment", "pk": 20, "fields": {"user": 12, "payment_id": "6WG75826L8238635K", "payment_method": "PayPal", "amount_paid": "202.98", "status": "COMPLETED", "created_at": "2022-01-26T09:14:46.144Z"}}, {"model": "orders.payment", "pk": 21, "fields": {"user": 12, "payment_id": "1C176231WJ9802158", "payment_method": "PayPal", "amount_paid": "607.92", "status": "COMPLETED", "created_at": "2022-01-26T09:47:54.241Z"}}, {"model": "orders.payment", "pk": 22, "fields": {"user": 12, "payment_id": "9H531056T9992404D", "payment_method": "PayPal", "amount_paid": "202.98", "status": "COMPLETED", "created_at": "2022-01-26T14:20:54.650Z"}}, {"model": "orders.payment", "pk": 23, "fields": {"user": 12, "payment_id": "5Y8188583X1521053", "payment_method": "PayPal", "amount_paid": "100.98", "status": "COMPLETED", "created_at": "2022-01-26T14:22:09.380Z"}}, {"model": "orders.payment", "pk": 24, "fields": {"user": 12, "payment_id": "9YE36495JV262615E", "payment_method": "PayPal", "amount_paid": "202.98", "status": "COMPLETED", "created_at": "2022-01-26T14:25:18.851Z"}}, {"model": "orders.payment", "pk": 25, "fields": {"user": 12, "payment_id": "5KR74541M8545302L", "payment_method": "PayPal", "amount_paid": "100.98", "status": "COMPLETED", "created_at": "2022-01-27T17:36:27.467Z"}}, {"model": "orders.payment", "pk": 26, "fields": {"user": 12, "payment_id": "05341778TX652233J", "payment_method": "PayPal", "amount_paid": "405.96", "status": "COMPLETED", "created_at": "2022-01-27T19:19:53.340Z"}}, {"model": "orders.payment", "pk": 27, "fields": {"user": 12, "payment_id": "4TL275755X1799332", "payment_method": "PayPal", "amount_paid": "131.58", "status": "COMPLETED", "created_at": "2022-01-28T10:49:32.987Z"}}, {"model": "orders.payment", "pk": 28, "fields": {"user": 12, "payment_id": "2SJ470066B992902L", "payment_method": "PayPal", "amount_paid": "915.96", "status": "COMPLETED", "created_at": "2022-01-28T10:50:38.917Z"}}, {"model": "orders.payment", "pk": 29, "fields": {"user": 12, "payment_id": "22P846712A912713F", "payment_method": "PayPal", "amount_paid": "1526.94", "status": "COMPLETED", "created_at": "2022-01-28T10:54:18.738Z"}}, {"model": "orders.payment", "pk": 30, "fields": {"user": 15, "payment_id": "46131579UN0413326", "payment_method": "PayPal", "amount_paid": "100.98", "status": "COMPLETED", "created_at": "2022-01-29T19:50:26.129Z"}}, {"model": "orders.order", "pk": 84, "fields": {"user": 12, "payment": 24, "order_number": "2022012684", "first_name": "yo", "last_name": "bhai", "phone": "+911234556789", "email": "yash139200219@gmail.com", "address_line_1": "township, motikhavdi", "address_line_2": "", "country": "India", "state": "GJ", "city": "jamnagar", "order_note": "", "order_total": 202.98, "tax": 3.98, "status": "New", "ip": "127.0.0.1", "is_ordered": true, "created_at": "2022-01-26T14:25:06.971Z", "updated_at": "2022-01-26T14:25:18.863Z"}}, {"model": "orders.order", "pk": 85, "fields": {"user": 12, "payment": 25, "order_number": "2022012785", "first_name": "yashasvi", "last_name": "bhai", "phone": "+911234556789", "email": "yash139200219@gmail.com", "address_line_1": "township, motikhavdi", "address_line_2": "", "country": "India", "state": "gujarat", "city": "jamnagar", "order_note": "", "order_total": 100.98, "tax": 1.98, "status": "New", "ip": "127.0.0.1", "is_ordered": true, "created_at": "2022-01-27T17:36:06.889Z", "updated_at": "2022-01-27T17:36:27.485Z"}}, {"model": "orders.order", "pk": 86, "fields": {"user": 12, "payment": 26, "order_number": "2022012886", "first_name": "yam", "last_name": "bhai", "phone": "+911234556789", "email": "yash139200219@gmail.com", "address_line_1": "township, motikhavdi", "address_line_2": "", "country": "India", "state": "gujarat", "city": "jamnagar", "order_note": "", "order_total": 405.96, "tax": 7.96, "status": "New", "ip": "127.0.0.1", "is_ordered": true, "created_at": "2022-01-27T19:19:37.426Z", "updated_at": "2022-01-27T19:19:53.351Z"}}, {"model": "orders.order", "pk": 87, "fields": {"user": 12, "payment": 27, "order_number": "2022012887", "first_name": "yo", "last_name": "bhai", "phone": "+911234556789", "email": "yash139200219@gmail.com", "address_line_1": "township, motikhavdi", "address_line_2": "", "country": "India", "state": "GJ", "city": "jamnagar", "order_note": "", "order_total": 131.58, "tax": 2.58, "status": "New", "ip": "127.0.0.1", "is_ordered": true, "created_at": "2022-01-28T10:49:14.391Z", "updated_at": "2022-01-28T10:49:33.003Z"}}, {"model": "orders.order", "pk": 88, "fields": {"user": 12, "payment": 28, "order_number": "2022012888", "first_name": "yo", "last_name": "bhai", "phone": "+911234556789", "email": "yash139200219@gmail.com", "address_line_1": "township, motikhavdi", "address_line_2": "", "country": "India", "state": "GJ", "city": "jamnagar", "order_note": "", "order_total": 915.96, "tax": 17.96, "status": "New", "ip": "127.0.0.1", "is_ordered": true, "created_at": "2022-01-28T10:50:26.191Z", "updated_at": "2022-01-28T10:50:38.917Z"}}, {"model": "orders.order", "pk": 89, "fields": {"user": 12, "payment": 29, "order_number": "2022012889", "first_name": "yo", "last_name": "bhai", "phone": "+911234556789", "email": "yash139200219@gmail.com", "address_line_1": "township, motikhavdi", "address_line_2": "", "country": "India", "state": "GJ", "city": "jamnagar", "order_note": "", "order_total": 1526.94, "tax": 29.94, "status": "New", "ip": "127.0.0.1", "is_ordered": true, "created_at": "2022-01-28T10:54:06.641Z", "updated_at": "2022-01-28T10:54:18.754Z"}}, {"model": "orders.order", "pk": 90, "fields": {"user": 15, "payment": 30, "order_number": "2022013090", "first_name": "meet", "last_name": "bro", "phone": "1234455778", "email": "meet193200013@gmail.com", "address_line_1": "hello", "address_line_2": "", "country": "india", "state": "GJ", "city": "Jamnagar", "order_note": "", "order_total": 100.98, "tax": 1.98, "status": "New", "ip": "127.0.0.1", "is_ordered": true, "created_at": "2022-01-29T19:49:57.631Z", "updated_at": "2022-01-29T19:50:26.143Z"}}, {"model": "orders.orderproduct", "pk": 28, "fields": {"order": 85, "payment": 25, "user": 12, "product": 2, "quantity": 1, "product_price": 99.0, "ordered": true, "created_at": "2022-01-27T17:36:27.499Z", "updated_at": "2022-01-27T17:36:27.540Z", "variations": [7, 9]}}, {"model": "orders.orderproduct", "pk": 29, "fields": {"order": 86, "payment": 26, "user": 12, "product": 9, "quantity": 2, "product_price": 199.0, "ordered": true, "created_at": "2022-01-27T19:19:53.360Z", "updated_at": "2022-01-27T19:19:53.372Z", "variations": [11, 14]}}, {"model": "orders.orderproduct", "pk": 30, "fields": {"order": 87, "payment": 27, "user": 12, "product": 3, "quantity": 1, "product_price": 129.0, "ordered": true, "created_at": "2022-01-28T10:49:33.027Z", "updated_at": "2022-01-28T10:49:33.059Z", "variations": [16, 17]}}, {"model": "orders.orderproduct", "pk": 31, "fields": {"order": 88, "payment": 28, "user": 12, "product": 4, "quantity": 1, "product_price": 399.0, "ordered": true, "created_at": "2022-01-28T10:50:38.933Z", "updated_at": "2022-01-28T10:50:38.950Z", "variations": [19, 20]}}, {"model": "orders.orderproduct", "pk": 32, "fields": {"order": 88, "payment": 28, "user": 12, "product": 5, "quantity": 1, "product_price": 499.0, "ordered": true, "created_at": "2022-01-28T10:50:38.966Z", "updated_at": "2022-01-28T10:50:38.976Z", "variations": [21, 23]}}, {"model": "orders.orderproduct", "pk": 33, "fields": {"order": 89, "payment": 29, "user": 12, "product": 8, "quantity": 1, "product_price": 499.0, "ordered": true, "created_at": "2022-01-28T10:54:18.778Z", "updated_at": "2022-01-28T10:54:18.810Z", "variations": [28, 29]}}, {"model": "orders.orderproduct", "pk": 34, "fields": {"order": 89, "payment": 29, "user": 12, "product": 7, "quantity": 1, "product_price": 399.0, "ordered": true, "created_at": "2022-01-28T10:54:18.850Z", "updated_at": "2022-01-28T10:54:18.882Z", "variations": [26, 27]}}, {"model": "orders.orderproduct", "pk": 35, "fields": {"order": 89, "payment": 29, "user": 12, "product": 6, "quantity": 1, "product_price": 599.0, "ordered": true, "created_at": "2022-01-28T10:54:18.906Z", "updated_at": "2022-01-28T10:54:18.938Z", "variations": [24, 25]}}, {"model": "orders.orderproduct", "pk": 36, "fields": {"order": 90, "payment": 30, "user": 15, "product": 2, "quantity": 1, "product_price": 99.0, "ordered": true, "created_at": "2022-01-29T19:50:26.155Z", "updated_at": "2022-01-29T19:50:26.174Z", "variations": [7, 9]}}, {"model": "admin_honeypot.loginattempt", "pk": 1, "fields": {"username": "yashsuthar013@gmail.com", "ip_address": "127.0.0.1", "session_key": null, "user_agent": "Mozilla/5.0 (Windows NT 10.0; Win64; x64) AppleWebKit/537.36 (KHTML, like Gecko) Chrome/97.0.4692.99 Safari/537.36 Edg/97.0.1072.69", "timestamp": "2022-01-28T11:02:54.857Z", "path": "/admin/login/?next=/admin/"}}]
